input_row_key;input_company_name;best_veridion_id;best_company_name;best_country;best_city;best_website_domain;best_normalized_score;second_best_score;score_gap;decision;explanation
0;24-SEVEN MEDIA NETWORK (PRIVATE) LIMITED;26e22210-93e5-11eb-b997-8dd98d09cf25;New Millennium Network;Pakistan;Karachi;mnet.com.pk;0.6682615629984051;0.6005972377752893;0.06766432522311583;match;"same country; same city"
1;2OPERATE A/S;8b99ef83-93e4-11eb-b997-8dd98d09cf25;2operate;Denmark;Aalborg Municipality;2operate.com;0.8421052631578947;0.7621052631578947;0.07999999999999996;match;"very strong name match; same country; some industry/text overlap"
2;3 STEP IT A/S;45309031-f8ab-11ed-89fe-613148a94f23;3 Step IT A/S.;Denmark;Gladsaxe Municipality;3stepit.dk;0.8421052631578947;0.4526315789473684;0.3894736842105263;match;"very strong name match; same country; some industry/text overlap"
3;3 STEP IT AS;45309031-f8ab-11ed-89fe-613148a94f23;3 Step IT A/S.;Denmark;Gladsaxe Municipality;3stepit.dk;0.5621052631578948;0.5087719298245614;0.053333333333333344;match;"very strong name match; some industry/text overlap"
4;3 Step IT Sweden AB;1744aa50-053e-11ec-a33c-efdd294412f0;Basta Horlurarna;Sweden;Kristianstad;bastahorlurarna.se;0.7105263157894737;0.7049861495844876;0.005540166204986097;ambiguous;"good name similarity; same country; some industry/text overlap"
5;3DEGREES GROUP, INC.;df61d790-93e4-11eb-aa66-9b8d95e2171b;3Degrees Inc.;United States;San Francisco;3degreesinc.com;0.9736842105263158;0.7009569377990431;0.2727272727272727;match;"very strong name match; same country; same city; some industry/text overlap"
6;3Step IT Group Oy;359bd116-93e5-11eb-b5f6-816dd10ac7b0;3Step IT Group;Finland;Helsinki;3stepit.com;0.9329371816638371;0.8571428571428571;0.07579432452098;match;"very strong name match; same country; same city; some industry/text overlap"
7;A.T. KEARNEY AB;2cb51120-126a-11ec-95c0-0372c7a8e1ea;A&T VVS;Sweden;Skutskär;atvvs.nu;0.7708333333333333;0.6607142857142857;0.11011904761904756;match;same country
8;A. T. KEARNEY PTE. LTD;3181d8e4-c44a-11ec-9b5e-239abba30ca2;Binary Core;Germany;Munich;binarycore.com;0.6375;0.6375;0.0;ambiguous;"very strong name match; some industry/text overlap"
9;AALBORG CITY;272b8711-93e5-11eb-8e19-198fb02d6f96;AALBORG CITY;Denmark;Aalborg;aalborgcity.dk;1.0;0.9398496240601504;0.06015037593984962;match;"very strong name match; same country; same city; some industry/text overlap"
10;ACCENTURE SERVICES AS;182e8830-1b02-11ec-81d0-432e4ac5b2cc;Accenture Norge;Norway;Oslo;accenture.no;0.6284348864994026;0.3312521678806798;0.2971827186187228;match;"same country; some industry/text overlap"
11;Accutics ApS;347c7e63-93e5-11eb-90d2-e3355a7e800b;Accutics;Denmark;Copenhagen Municipality;accutics.com;0.8421052631578947;0.6273684210526316;0.21473684210526311;match;"very strong name match; same country; some industry/text overlap"
12;ACOME;fed105d4-93e4-11eb-9937-4fab995bf8ff;ACOME Company a Cooperative;France;Paris;acome.com;1.0;0.6093189964157705;0.3906810035842295;match;"very strong name match; same country; same city; some industry/text overlap"
13;ACOME XINTAI CABLES CO., LTD.;1000ca72-f7d7-11ed-bb8f-e9ec1594da2e;Acome Xintai Cables Co. Ltd.;China;Chaoyang;;0.7368421052631579;0.6576117713638936;0.07923033389926426;match;"very strong name match; same country; some industry/text overlap"
14;ADAPT A/S;e8772100-93e4-11eb-b5f6-816dd10ac7b0;Adapt Agency;Denmark;Copenhagen;adaptagency.com;1.0;0.9532163742690059;0.04678362573099415;ambiguous;"very strong name match; same country; same city; some industry/text overlap"
15;ADECCO A/S;0f6f7a53-93e5-11eb-8e19-198fb02d6f96;Adecco Fredericia;Denmark;Fredericia Municipality;adecco.dk;0.6705653021442495;0.631578947368421;0.03898635477582846;ambiguous;"same country; some industry/text overlap"
16;ADECCO PERSONNEL PTE LTD;410a4cc3-93e5-11eb-9937-4fab995bf8ff;Adecco Singapore;Singapore;Singapore;adecco.com.sg;0.9487179487179488;0.6410256410256411;0.3076923076923077;match;"very strong name match; same country; some industry/text overlap"
17;ADOBE SYSTEMS SOFTWARE IRELAND LIMITED;099ed3a8-1afb-11ec-a882-057f42292856;Adobe Systems Software Ireland;Ireland;Dublin 24;;0.7368421052631579;0.5657894736842105;0.17105263157894735;match;"very strong name match; same country; some industry/text overlap"
18;ADVANCED DIGITAL BROADCAST SA;47b15560-93e5-11eb-91fb-73d498260b10;ADB;Switzerland;Pregny-Chambésy;adbglobal.com;0.8421052631578947;0.6220880069025022;0.22001725625539248;match;"very strong name match; same country; some industry/text overlap"
19;Advanced Network Solutions Sdn Bhd;3c9b6969-fdd5-11ef-8bcd-e7d9bf87b1c1;Advanced Network Solutions Sdn. Bhd.;Malaysia;Shah Alam;;1.0;0.8469417617793384;0.15305823822066156;match;"very strong name match; same country; same city; some industry/text overlap"
20;ADVANSIA AS;a9f7869f-93e4-11eb-97db-273ba5953680;Advansia;Norway;Oslo;advansia.no;0.9335180055401662;0.8421052631578947;0.09141274238227148;match;"good name similarity; same country; same city; some industry/text overlap"
21;AEGER GROUP AS;2d7be421-93e5-11eb-be5a-4f810ab55f2e;Aeger Group;Norway;Oslo;aeger.no;1.0;0.41228070175438597;0.5877192982456141;match;"very strong name match; same country; same city; some industry/text overlap"
22;AFFIRMED NETWORKS INC;ef392bbd-93e4-11eb-919a-b3f9a5ad205c;Affirmed Networks;United States;Acton;affirmednetworks.com;1.0;0.7198641765704584;0.2801358234295416;match;"very strong name match; same country; same city; some industry/text overlap"
23;Agg Power Technology (Fuzhou) Co Ltd.;475daed5-0c7d-11ec-b9ed-b7cae580407c;AGG Power;China;Fuzhou City;aggpower.cn;0.7282608695652175;0.527536231884058;0.20072463768115956;match;"same country; same city; some industry/text overlap"
24;AIA Berhad;000b3360-93e5-11eb-919a-b3f9a5ad205c;AIA Malaysia;Malaysia;Kuala Lumpur;aia.com.my;0.753254102999434;0.7261227071473751;0.027131395852058815;ambiguous;"same country; same city; some industry/text overlap"
25;AIG EUROPE S.A. NUF;379975dc-93e5-11eb-90d2-e3355a7e800b;AIG Norge;Norway;Oslo;aig.no;0.8771929824561402;0.6526315789473685;0.22456140350877174;match;"good name similarity; same country; same city; some industry/text overlap"
26;AKTIESELSKABET RODOVRE CENTRUM;eab4a797-e56c-11ed-86c6-9fd2c95fb352;Aktieselskabet Rødovre Centrum;Denmark;Rødovre Municipality;;0.8817204301075269;0.7443249701314217;0.13739545997610514;match;"very strong name match; same country; same city; some industry/text overlap"
27;ALLEN OVERY SHEARMAN STERLING LLP;19609053-0bbc-11ee-900c-9bee0d280070;A&O Shearman;United Kingdom;London;aoshearman.com;1.0;0.80906432748538;0.19093567251461996;match;"very strong name match; same country; same city; some industry/text overlap"
28;ALTAIR GLOBAL RELOCATION SINGAPORE PTE. LTD.;0c992f9f-0fd1-11ec-bd22-89bd160f55dd;Marubeni-Itochu Tubulars Asia;Singapore;Singapore;misteel.com.sg;0.6597744360902255;0.6589473684210526;0.0008270676691728429;ambiguous;"same country; same city"
29;AMAZON WEB SERVICES, INC.;c89d4e1b-bfde-11ec-92f4-876998402e2b;Amazon Web Services | API Gateway;United States;Seattle;;0.9139784946236559;0.905273937532002;0.008704557091653853;ambiguous;"very strong name match; same country; same city; some industry/text overlap"
30;AMAZON WEB SERVICES EMEA SARL;d7db1d69-93e4-11eb-90d2-e3355a7e800b;TKBEL;Luxembourg;Ettelbruck;tkbel.fr;0.9443530701754386;0.5934551886792453;0.3508978814961933;match;"very strong name match; same country"
31;AMAZON WEB SERVICES EMEA SARL, NORWEGIAN BRANCH;00b299f2-6d0d-11ec-bc58-f126260d7c32;Norwegian Seafood Supply;Norway;Oslo;norwegian-seafoodsupply.com;0.6674185463659148;0.6273182957393484;0.040100250626566414;ambiguous;"same country; same city"
32;AMDOCS DEVELOPMENT LIMITED;bad43cb0-93e4-11eb-91fb-73d498260b10;Amdocs;United States;Chesterfield;amdocs.com;0.42030075187969923;0.3684210526315789;0.0518796992481203;no_match;some industry/text overlap
33;American Express Europe Denmark, filial af American Express Europe S.A., Spanien;0078e966-93e5-11eb-b997-8dd98d09cf25;American Steakhouse;Denmark;;butcher.dk;0.3771929824561403;0.3693444136657433;0.007848568790397026;no_match;same country
34;American Express Europe SA (Norway);d791fd63-e113-11ec-a72c-1538a9321a8e;American Express Company AS;Norway;Oslo;americanexpress.no;0.8294382269036646;0.40344524906736884;0.4259929778362958;match;"same country; same city; some industry/text overlap"
35;ANALYSYS MASON AS;e97d1f55-93e4-11eb-be3a-7f925cb94351;Analysys Mason;Italy;Milan;analysysmason.com;0.5382003395585739;0.48556876061120546;0.052631578947368474;match;"very strong name match; some industry/text overlap"
36;MASON SITE FINDER LIMITED;e16f0714-729b-11ec-82c4-1d4ff65030ff;Mason Contract Services;United Kingdom;Grays;masongroup.co.uk;0.6833930704898447;0.5989435955480097;0.08444947494183497;match;same country
37;ANDCO A/S;d7aa707f-93e4-11eb-9937-4fab995bf8ff;Andco A/S.;Denmark;Copenhagen;andco.dk;1.0;0.4736024844720498;0.5263975155279502;match;"very strong name match; same country; same city; some industry/text overlap"
38;Annalect Denmark A/S;cfc5f77c-ce95-11ed-953a-9d8f156b9731;ANNALECT;Denmark;Copenhagen;annalectnordics.com;0.9005847953216374;0.7514619883040936;0.14912280701754377;match;"good name similarity; same country; same city; some industry/text overlap"
39;Anne Mette Lund;02e56300-fff5-11eb-ba37-0759ad39afe6;Anne Lund;Denmark;Aalborg;annelund.dk;0.7192982456140351;0.7192982456140351;0.0;ambiguous;"good name similarity; same country; some industry/text overlap"
40;ANRITSU A/S;be65c7e5-93e4-11eb-97db-273ba5953680;Anritsu;Japan;Atsugi;anritsu.com;0.5665024630541873;0.4789272030651341;0.08757525998905319;match;"good name similarity; some industry/text overlap"
41;Aon Assessment Denmark A/S;d843f150-93e4-11eb-86dd-ffbd1b53140e;Daman;Denmark;Copenhagen;damandigital.com;0.6729323308270676;0.6638530287984111;0.009079302028656477;ambiguous;"same country; same city; some industry/text overlap"
42;AON NORWAY AS;3e7d1232-93e5-11eb-8859-29e7c34dee35;ECO STOR;Norway;Oslo;eco-stor.com;0.8207885304659498;0.8041140719962598;0.016674458469689957;ambiguous;"same country; same city; some industry/text overlap"
43;APPDYNAMICS UK LTD;f7b252d4-fa1c-11ec-83db-47cce081a4ab;AppDynamic;United Kingdom;Feltham;stluciakitefiesta.com;0.6863157894736842;0.5284210526315789;0.1578947368421053;match;"good name similarity; same country; some industry/text overlap"
44;APPLE DISTRIBUTION INTERNATIONAL LIMITED;72b33d10-1afd-11ec-9842-212d1c52ad77;Apple Distribution International;Ireland;Cork;;0.8333333333333334;0.7802829354553493;0.053050397877984046;match;"very strong name match; same country"
45;APPLE DISTRIBUTION INTERNATIONAL LIMITED;72b33d10-1afd-11ec-9842-212d1c52ad77;Apple Distribution International;Ireland;Cork;;0.8602150537634408;0.8157211716722284;0.04449388209121241;ambiguous;"very strong name match; same country; same city"
46;Apple Malaysia Sdn. Bhd.;231ed888-93e5-11eb-a33a-a3dfba582839;Apple 101;Malaysia;Kuala Lumpur;apple101.com.my;0.8901601830663615;0.8421052631578947;0.048054919908466776;ambiguous;"same country; same city; some industry/text overlap"
47;Apple South Asia (Thailand) Co Ltd;001f3090-93e5-11eb-a33a-a3dfba582839;South East Asia Sails;Thailand;Choeng Thale;southeastasiasails.com;0.6435250116877045;0.5791517323775388;0.06437327931016568;match;"same country; some industry/text overlap"
48;ARELION NORWAY AS;0233ab52-aa7c-11ec-bce7-45193b30c3a8;Mixto As;Norway;Oslo;mixto.no;0.7119565217391305;0.4257246376811594;0.28623188405797106;match;"same country; same city; some industry/text overlap"
49;Arelion AB;34818680-89c1-11ec-a621-3f13cdb5ccc4;Arelion;Sweden;Farsta;arelion.com;0.8695652173913044;0.5543478260869565;0.3152173913043479;match;"very strong name match; same country; some industry/text overlap"
50;ARY COMMUNICATIONS LIMITED;015a2194-93e5-11eb-aa66-9b8d95e2171b;Communications Network International;Pakistan;Islamabad;cnisolutions.net;0.6602254428341385;0.6586956521739131;0.0015297906602254052;ambiguous;"same country; some industry/text overlap"
51;Ascio Technologies, Corp. Danmark - Filial af Ascio Technologies Corp. Canada;c7288490-93e4-11eb-8859-29e7c34dee35;Ascio Technologies;Denmark;Copenhagen;ascio.com;0.58796992481203;0.45159194282001297;0.13637798199201706;match;"same country; some industry/text overlap"
52;ASIAINFO DENMARK ApS;039ae9d7-93e5-11eb-86dd-ffbd1b53140e;Drys Denmark;Denmark;Viborg;drysdenmark.dk;0.6988304093567251;0.6988304093567251;0.0;ambiguous;"same country; some industry/text overlap"
53;Atea A/S;431d0020-93e5-11eb-be5a-4f810ab55f2e;Atea Danmark;Denmark;Ballerup;atea.dk;0.9473684210526315;0.7272727272727273;0.22009569377990423;match;"good name similarity; same country; same city; some industry/text overlap"
54;ATEA AS;c9fab753-93e4-11eb-919a-b3f9a5ad205c;Atea Logistics;Norway;Oslo;atea.com;1.0;0.9713261648745519;0.028673835125448077;ambiguous;"very strong name match; same country; same city; some industry/text overlap"
55;Atea Sverige AB;f0c60d30-93e4-11eb-91fb-73d498260b10;Atea Sverige;Sweden;Stockholm;atea.se;0.7953216374269005;0.7894736842105263;0.005847953216374213;ambiguous;"good name similarity; same country; some industry/text overlap"
56;NP Investment A/S;030c8c8e-93e5-11eb-b997-8dd98d09cf25;Investment Fund for Developing Countries;Denmark;Copenhagen;ifu.dk;0.604791548764384;0.5555555555555555;0.04923599320882854;ambiguous;"same country; some industry/text overlap"
57;ATREBO SL;5f774202-8528-11ec-b5ad-0d28dc61df96;Trebolis;Spain;Sevilla;trebolis.com;0.7673130193905816;0.7578947368421053;0.00941828254847632;ambiguous;"very strong name match; same country"
58;AV CENTER AALBORG ApS;b011b872-93e4-11eb-b4a6-27899be4e45d;AV CENTER;Denmark;Brøndbyvester;avcenter.dk;0.8421052631578947;0.6152882205513784;0.22681704260651625;match;"very strong name match; same country; some industry/text overlap"
59;aviat networks bangladesh ltd.;65315fc3-0695-11ef-a74a-2d2c9a18d857;Aviat Electric Store;Bangladesh;Netrokona;;0.613960113960114;0.40236686390532544;0.21159325005478852;match;"same country; some industry/text overlap"
60;Aviat Networks Japan LLC;e34c0a10-93e4-11eb-90d2-e3355a7e800b;AVIAT NETWORKS;United States;Santa Clara;aviatnetworks.com;0.5725490196078431;0.5725490196078431;0.0;ambiguous;"good name similarity; some industry/text overlap"
61;AWAN DISTRIBUTION FZC;85513392-93e4-11eb-90d2-e3355a7e800b;ISDF;United Arab Emirates;Sharjah;isdfuae.com;0.8284936479128856;0.7771929824561403;0.051300665456745276;match;"same country; same city; some industry/text overlap"
62;Axteq ApS;79b2afc2-9ba7-11ec-81bb-a98020a63841;Axteq;Denmark;Greve Strand;axteq.dk;1.0;0.6947368421052631;0.3052631578947369;match;"very strong name match; same country; same city; some industry/text overlap"
63;Az-Technology Sdn. Bhd.;eea35cb5-1206-11ec-a59d-d5061f333c7e;AZ Technology;Malaysia;Petaling Jaya;az-tech.my;1.0;0.4955242966751918;0.5044757033248082;match;"very strong name match; same country; same city; some industry/text overlap"
64;BAE SYSTEMS APPLIED INTELLIGENCE (INTERNATIONAL) LIMITED;3ea0da62-8ab7-11ec-ac1c-2de22eb6a532;BAE Systems Applied Intelligence;United Kingdom;Guildford;baesystemsdetica.com;0.8711883098979871;0.755251312828207;0.11593699706978011;match;"good name similarity; same country; same city; some industry/text overlap"
65;BASICO P/S;bb360bc2-93e4-11eb-b89f-536884b3e7dd;Basico;Denmark;Gentofte Municipality;basico.dk;0.8947368421052632;0.8947368421052632;0.0;ambiguous;"good name similarity; same country; same city; some industry/text overlap"
66;BB CONNECT CO.,LTD.;d57e2265-193a-11f0-abd2-b1121b4598c4;Bb connect;South Africa;;bb-connect.co.za;0.6875;0.6875;0.0;ambiguous;"very strong name match; some industry/text overlap"
67;Bb Technology Co Ltd;6e4bcefd-115f-11ec-bd3c-8d2e345be4e0;BBtec;Thailand;Chatuchak;bbtec.co.th;0.7526881720430108;0.6953405017921147;0.05734767025089604;match;"very strong name match; same country; some industry/text overlap"
68;BCD TRAVEL ASIA PACIFIC PTE. LTD.;19b7bf64-6a16-11ec-b931-3729d84df188;BCD Engineering;Singapore;Singapore;bcdglobal.com.sg;0.6592797783933518;0.5789473684210527;0.08033240997229918;match;"same country; same city"
69;BCD N.V.;7ea57014-93e4-11eb-8ad6-7326edce8d21;BCD Group;Netherlands;Utrecht;bcdgroup.com;0.8210526315789474;0.7789473684210527;0.042105263157894646;ambiguous;"same country; same city"
70;BEAT A/S;c62a45a0-6cf1-11ec-bd63-974170f7dbf6;Beat;Denmark;Copenhagen;beat.dk;1.0;0.8228969006957622;0.17710309930423784;match;"very strong name match; same country; same city; some industry/text overlap"
71;Beijing Dynamic Power Co., Ltd;d037a93e-18b9-11f0-94fa-471c68e22274;Beijing High-tech Dynamic Power Co. Ltd.;China;Fengtai District;htdp.com.cn;0.9190283400809716;0.9009287925696594;0.018099547511312153;ambiguous;"good name similarity; same country; same city; some industry/text overlap"
72;BIGID INC.;db47e29b-93e4-11eb-8ad6-7326edce8d21;BigID;United States;New York;bigid.com;1.0;0.9375;0.0625;match;"very strong name match; same country; some industry/text overlap"
73;Binkies Holding B.V.;8bd572a1-01b3-11ef-a950-57d6400676e3;Binkies;Netherlands;The Hague;binkiesdenhaag.nl;0.7591093117408907;0.6560798548094373;0.10302945693145338;match;"same country; same city; some industry/text overlap"
74;BLACKWOOD SEVEN A/S;0cb674d5-93e5-11eb-aa66-9b8d95e2171b;Blackwood Seven;Denmark;Copenhagen;blackwoodseven.com;1.0;0.8787044322056123;0.12129556779438766;match;"very strong name match; same country; same city; some industry/text overlap"
75;Blom Soefeldt - Erhvervspsykologisk radgivning;1f377b2b-0c41-11ec-b09d-95ba7b1bb140;Blom Søefeldt - Erhvervspsykologisk Rådgivning;Denmark;Copenhagen;blomsoefeldt.dk;0.9535679374389052;0.6020816101461263;0.35148632729277896;match;"very strong name match; same country; same city; some industry/text overlap"
76;BOOST AI AS;f6ae0b86-93e4-11eb-91fb-73d498260b10;Boost;Norway;Sandnes;boost.ai;1.0;0.556390977443609;0.443609022556391;match;"very strong name match; same country; same city; some industry/text overlap"
77;Bording Danmark A/S;e84cb5a0-93e4-11eb-8e19-198fb02d6f96;Bording Danmark;Denmark;Rødovre Municipality;bording.dk;0.7925696594427244;0.7631578947368421;0.02941176470588225;ambiguous;"good name similarity; same country; some industry/text overlap"
78;Braathens Regional Airways AB;6d7bab68-93e4-11eb-b4a6-27899be4e45d;BRA;Sweden;Stockholm;flygbra.se;0.8132275132275132;0.7222222222222222;0.09100529100529098;match;"good name similarity; same country; same city; some industry/text overlap"
79;BRAINCHILD COMMUNICATIONS PAKISTAN (PVT.) LIMITED;efc08410-93e4-11eb-a746-fdabd18be9c6;Brainchild Communications Pakistan;Pakistan;Karachi Division;brainchild.net;1.0;0.7546108861898335;0.24538911381016648;match;"very strong name match; same country; some industry/text overlap"
80;Brobizz A/S;f6c033f6-93e4-11eb-8859-29e7c34dee35;Brobizz;Denmark;Copenhagen;brobizz.com;1.0;0.6947368421052631;0.3052631578947369;match;"very strong name match; same country; same city; some industry/text overlap"
81;BUNDGAARD KOLETEKNIK. VEJLE A/S;91a6c984-27a7-11ef-ba21-2b94af863263;Bundgaard Køleteknik A/S.;Denmark;Vejle;;0.8144165671047391;0.6308243727598566;0.1835921943448825;match;"good name similarity; same country; same city"
82;Bynder Holding B.V.;2a0c38dd-93e5-11eb-8474-3bbe2d07207d;Bynder;Netherlands;Amsterdam;bynder.com;0.7554347826086957;0.5930540827147402;0.16238069989395543;match;"same country; same city; some industry/text overlap"
83;C&W Services (S) Pte. Ltd.;2d5be122-0a6a-11ec-b841-af64738d2bcd;CW Aero Services;Singapore;Singapore;cwaeroservices.com;0.887719298245614;0.41520467836257313;0.4725146198830409;match;"same country; same city; some industry/text overlap"
84;CAMPANA GROUP PTE. LTD.;73d641b5-93e4-11eb-91fb-73d498260b10;Campana Group;Singapore;;campanaworks.com;1.0;0.75;0.25;match;"very strong name match; same country; some industry/text overlap"
85;CBRE AS;9dc12706-93e4-11eb-8e19-198fb02d6f96;CBRE Norway;Norway;Oslo;cbre.no;1.0;0.7396121883656509;0.2603878116343491;match;"very strong name match; same country; same city; some industry/text overlap"
86;CBRE Teknisk Servicepartner A/S;57918a20-a8bb-11ed-9a6b-af642bb25f66;CBRE Teknisk servicepartner;Denmark;Aalborg;cbre-tekniskservicepartner.dk;1.0;0.6491228070175438;0.35087719298245623;match;"very strong name match; same country; same city; some industry/text overlap"
87;CELLUSYS LIMITED;f0e66671-93e4-11eb-b4a6-27899be4e45d;Cellusys;Ireland;Dublin;cellusys.com;0.8421052631578947;0.6378947368421053;0.2042105263157894;match;"very strong name match; same country; some industry/text overlap"
88;CENTERFORENINGEN FISKETORVET SHOPPING CENTER F.M.B.A.;008c4a55-93e5-11eb-919a-b3f9a5ad205c;Scandinavian Shopping Center Partners;Denmark;Rødovre Municipality;sscp.io;0.7271769662921348;0.6437895569620253;0.08338740933010946;match;"same country; some industry/text overlap"
89;CETIN Hungary Zrt.;ffcc1654-120e-11ec-8f83-091abf327b82;CETIN Hungary;Hungary;Törökbálint;cetin.hu;1.0;0.8894736842105262;0.1105263157894738;match;"very strong name match; same country; same city; some industry/text overlap"
90;CHINA TELECOM GLOBAL LTD;26c39d80-93e5-11eb-be5a-4f810ab55f2e;China Telecom Global;Hong Kong;Hong Kong Island;chinatelecomglobal.com;1.0;0.6947368421052631;0.3052631578947369;match;"very strong name match; same country; same city; some industry/text overlap"
91;CHINA UNICOM (SINGAPORE) OPERATIONS PTE. LTD.;c12f14b6-b6bc-11ef-b7fc-31383e76ec39;China Unicom Singapore Operations Limited;Singapore;Singapore;cuniq.sg;0.9139784946236559;0.8279569892473118;0.08602150537634412;match;"very strong name match; same country; same city; some industry/text overlap"
92;CHUBB GLOBAL RISK ADVISORS PTE. LTD.;4db78ad2-c000-11ec-8d01-9b40ae94c55f;Chubb Global Risk Advisors;Singapore;Singapore;cgra.com.sg;0.875;0.7425986842105263;0.13240131578947367;match;"very strong name match; same country; some industry/text overlap"
93;CIBICOM SERVICES A/S;23947da4-93e5-11eb-a33a-a3dfba582839;Cibicom;Denmark;Ballerup;cibicom.com;0.9569892473118279;0.8751300728407908;0.08185917447103708;match;"very strong name match; same country; same city; some industry/text overlap"
94;CIENA LIMITED;9cc86f27-93e4-11eb-8e19-198fb02d6f96;Ciena;United Kingdom;London;ciena.in;1.0;1.0;0.0;ambiguous;"very strong name match; same country; same city; some industry/text overlap"
95;CISCO INTERNATIONAL LIMITED;06b79056-aa7d-11ec-874b-3794b6074d52;Cisco repair services;United Kingdom;Reading;cisco-repair.co.uk;0.5594227504244482;0.558029689608637;0.0013930608158112534;ambiguous;"same country; some industry/text overlap"
96;CISCO NORWAY AS;9efd3f68-c418-11ef-92e8-6df27b7ad8f3;Cisco Systems Norway AS;Norway;Bærum;;0.7534626038781164;0.6442495126705653;0.10921309120755107;match;"good name similarity; same country; same city"
97;CITERO AS;14fe8332-93e5-11eb-8ad6-7326edce8d21;Citero;Norway;Trondheim;citero.no;1.0;0.9157894736842105;0.08421052631578951;match;"very strong name match; same country; same city; some industry/text overlap"
98;CLOUDERA, INC.;def72ee7-93e4-11eb-aa66-9b8d95e2171b;ClouderaNOW24;United States;Santa Clara;greaterrichmondhomeloanconnect.com;0.8947368421052632;0.8421052631578947;0.052631578947368474;match;"very strong name match; same country; same city; some industry/text overlap"
99;Comba Technologies Sdn. Bhd.;01fb2fa2-a7fa-11ef-9e6b-b90a330e89d5;CM Boost Studio;Malaysia;Subang Jaya;cmbooststudio.com;0.7497314715359829;0.734533702677747;0.015197768858235872;ambiguous;"same country; same city"
100;COMBA TELECOM LIMITED;85816b51-93e4-11eb-a736-0f5b20ecb2f1;Comba Telecom;Hong Kong;New Territories;comba-telecom.com;0.8421052631578947;0.6862348178137652;0.15587044534412953;match;"very strong name match; same country; some industry/text overlap"
101;Comengineering Sdn. Bhd.;eb823b24-1e9c-11ee-918e-3b99085851a3;COMENGINEERING SDN BHD.;Malaysia;Subang Jaya;;0.8602150537634408;0.5364396654719235;0.3237753882915173;match;"very strong name match; same country; same city"
102;COMMSCOPE SOLUTIONS SINGAPORE PTE. LTD.;03be7761-93e5-11eb-a746-fdabd18be9c6;All Property Solutions Singapore;Singapore;Singapore;apss.com.sg;0.8721918639951426;0.8721918639951426;0.0;ambiguous;"good name similarity; same country; same city; some industry/text overlap"
103;CommScope Technologies AG;ff338e8e-b929-11ed-89f1-bd62b3e1c745;Commscope Technologies Ag;Switzerland;Bachenbülach;;0.7777777777777778;0.6481481481481481;0.12962962962962965;match;"very strong name match; same country; some industry/text overlap"
104;COMMSCOPE TECHNOLOGIES LLC;0094d3b3-1b06-11ec-8d54-8181ab1eaaa9;CommScope;United States;Omaha;;0.643010752688172;0.5846153846153846;0.058395368072787335;match;same country
105;COMVIVA TECHNOLOGIES LIMITED;8913e0f5-93e4-11eb-91fb-73d498260b10;Comviva Technologies;India;Gurugram;comviva.com;1.0;0.6884944920440637;0.31150550795593634;match;"very strong name match; same country; same city; some industry/text overlap"
106;CONSCIA DANMARK A/S;33c93c45-a7e0-11ef-af89-216a077ca7fb;Conscia Danmark A/S.;Denmark;Ringsted;laugesen.io;0.8421052631578947;0.7075187969924812;0.13458646616541348;match;"very strong name match; same country; some industry/text overlap"
107;CONTROL RISKS GROUP LIMITED;39dfe365-93e5-11eb-8e19-198fb02d6f96;Control risks;United Kingdom;London;controlrisks.com;0.9824561403508772;0.8667413213885778;0.1157148189622994;match;"very strong name match; same country; same city; some industry/text overlap"
108;CORPORATE COMMUNICATIONS AS;e48e4e11-93e4-11eb-919a-b3f9a5ad205c;Corporate Communications;Norway;Oslo;corporatecommunications.no;1.0;0.8463892288861689;0.15361077111383115;match;"very strong name match; same country; same city; some industry/text overlap"
109;COUPA SOFTWARE, INC.;f62860c0-93e4-11eb-8e19-198fb02d6f96;Coupa;United States;San Mateo;coupa.com;1.0;0.8421052631578947;0.1578947368421053;match;"very strong name match; same country; same city; some industry/text overlap"
110;COURSERA, INC.;7e044e20-93e4-11eb-8474-3bbe2d07207d;Coursera;United States;Mountain View;coursera.org;1.0;0.9473684210526315;0.052631578947368474;match;"very strong name match; same country; same city; some industry/text overlap"
111;CRAYON A/S;b9ebf60e-f3c1-11ed-afbd-cd002aee0352;Crayon A/S.;Denmark;Silkeborg;;0.75;0.6697324414715718;0.08026755852842815;match;"very strong name match; same country; some industry/text overlap"
112;CRAYON AS;06114cdd-2566-11ef-8cf6-9964b1248c28;Crayon;Norway;Oslo;crayonweb.azurewebsites.net;1.0;0.8947368421052632;0.10526315789473684;match;"very strong name match; same country; same city; some industry/text overlap"
113;CRAYON PTE. LTD.;c446e865-93e4-11eb-b89f-536884b3e7dd;Crayon Data;Singapore;Singapore;crayondata.com;0.8529411764705883;0.8333333333333333;0.019607843137255054;ambiguous;"same country; some industry/text overlap"
114;CROWDSTRIKE SERVICES, INC.;01be7de3-0c24-11ec-aa7c-a3d935d57c91;CrowdStrike;United States;Sunnyvale;mdcoin.net;0.7744360902255639;0.7724957555178268;0.0019403347077371347;ambiguous;"same country; same city; some industry/text overlap"
115;Searcher ApS;c7c58151-43ae-11ef-b5d2-e5c02fb4c089;Searcher;Denmark;Aarhus;searcher.dk;0.8695652173913044;0.8074534161490684;0.06211180124223603;match;"very strong name match; same country; some industry/text overlap"
116;CUSHMAN & WAKEFIELD SERVICES (THAILAND) CO., LTD.;e8e82741-5871-11ec-b633-39790144a985;Cushman & Wakefield Services Thailand Co. Ltd.;Thailand;Ratchathewi;;0.875;0.7068563432835822;0.16814365671641784;match;"very strong name match; same country; some industry/text overlap"
117;DADES Center Ost ApS;1e999e70-93e5-11eb-91fb-73d498260b10;Dades;Denmark;Kongens Lyngby;dades.dk;0.8112522686025408;0.6666666666666666;0.14458560193587422;match;"same country; same city; some industry/text overlap"
118;BONNIER BUSINESS PRESS A/S;d73874c7-93e4-11eb-a736-0f5b20ecb2f1;Bonnier Magazine Data;Denmark;Copenhagen;bm-data.com;0.7027863777089783;0.6658312447786132;0.03695513293036512;ambiguous;"same country; same city"
119;DAILY JURRAT;01e830c0-93e5-11eb-91fb-73d498260b10;Daily Dunya;Pakistan;Lahore;dunya.com.pk;0.6876430205949656;0.5769980506822612;0.11064496991270445;match;"same country; some industry/text overlap"
120;Dansk Kredit Rad;070edae0-93e5-11eb-b4a6-27899be4e45d;Dansk Kredit Råd;Denmark;Køge;dk-r.dk;0.7105263157894737;0.616343490304709;0.09418282548476464;match;"very strong name match; same country; some industry/text overlap"
121;DANSK SUNDHEDSSIKRING KOMPLEMENTARSELSKAB ApS;1f89f1e3-93e5-11eb-b5f6-816dd10ac7b0;Dansk Sundhedssikring;Denmark;Herlev;ds-sundhed.dk;0.850125313283208;0.6297322253000923;0.22039308798311563;match;"same country; same city; some industry/text overlap"
122;DANSKE BANK A/S;c6eb5470-93e4-11eb-9937-4fab995bf8ff;Danske Bank;Denmark;Copenhagen;danskebank.com;1.0;0.9193548387096775;0.08064516129032251;match;"very strong name match; same country; some industry/text overlap"
123;Dantec Nordics ApS;fdd5fee0-9bc7-11ec-abde-87ab8965fdf7;Dantec Nordics;Denmark;Aabenraa Municipality;dantec-nordics.dk;1.0;0.6290115532734275;0.3709884467265725;match;"very strong name match; same country; same city; some industry/text overlap"
124;DEAS A/S;08e9dc7d-93e5-11eb-919a-b3f9a5ad205c;DEAS Group;Denmark;Frederiksberg;deas.dk;0.8620689655172414;0.7598978288633461;0.10217113665389532;match;"very strong name match; same country; some industry/text overlap"
125;DEKO-STYLE V/ANJA GRONNE;2840eeb8-93e5-11eb-8859-29e7c34dee35;Deko Style;Denmark;Aarhus Municipality;dekostyle.dk;0.8003095975232198;0.37925696594427244;0.4210526315789474;match;"same country; same city; some industry/text overlap"
126;DELFI TECHNOLOGIES A/S;8647efa3-93e4-11eb-90d2-e3355a7e800b;Delfi Technologies;Denmark;Køge;delfi.com;0.9569892473118279;0.6389578163771712;0.3180314309346567;match;"very strong name match; same country; same city; some industry/text overlap"
127;DELL AS;beddde1c-93e4-11eb-8859-29e7c34dee35;Dell;Norway;Oslo;dell.no;0.8232323232323232;0.2777777777777778;0.5454545454545454;match;"same country; same city"
128;Dell Corporation (Thailand) Co Ltd;1fe10718-f025-11ee-9eb6-8ba0a080e844;Dellstore Thailand;Thailand;Khan Na Yao;dellstorethailand.com;0.7616487455197133;0.5652173913043479;0.1964313542153654;match;"good name similarity; same country; some industry/text overlap"
129;DELL PRODUCTS;db126bb1-6d0e-11ec-bd4d-65aaf75c66b8;DELL Repairs;Ireland;Dublin 7;dellrepairs.ie;0.7320512820512822;0.7018043684710352;0.030246913580247003;ambiguous;"same country; some industry/text overlap"
130;DELOITTE ADVOKATFIRMA AS;b656cae1-93e4-11eb-8ad6-7326edce8d21;Deloitte Corporate Finance Norway;Norway;Oslo;deloittecf.no;0.7526315789473684;0.7437673130193906;0.008864265927977844;ambiguous;"same country; same city; some industry/text overlap"
131;DELOITTE AS;b69603af-1aff-11ec-bc98-195cbdc2446a;Deloitte Norge;Norway;Oslo;deloitte.no;0.8821052631578946;0.8065433854907539;0.07556187766714073;match;"same country; same city; some industry/text overlap"
132;Deloitte Consulting (Sea) Sdn. Bhd.;4d8576a2-14c1-11ee-98f2-2b13cee7793d;Deloitte Consulting Malaysia Sdn Bhd.;Malaysia;Kuala Lumpur;;0.8690418873375059;0.6989247311827956;0.17011715615471024;match;"good name similarity; same country; same city; some industry/text overlap"
133;DELOITTE STATSAUTORISERET REVISIONSPARTNERSELSKAB;b14fddd0-93e4-11eb-b89f-536884b3e7dd;Revisto Statsautoriseret Revisionspartnerselskab;Denmark;Horsens;revisto.dk;0.9204775751167503;0.6998871149814547;0.2205904601352956;match;"good name similarity; same country; some industry/text overlap"
134;DELTA EJENDOM, AALBORG A/S;a48c5963-93e4-11eb-86dd-ffbd1b53140e;Delta Data;Denmark;Sæby;deltadata.dk;0.6666666666666666;0.5964912280701755;0.07017543859649111;match;same country
135;ELTEK AS;169a31db-93e5-11eb-919a-b3f9a5ad205c;Eltek;Norway;Drammen;eltek.com;1.0;0.7017543859649122;0.29824561403508776;match;"very strong name match; same country; same city; some industry/text overlap"
136;DELTA ELECTRONICS INT'L (SINGAPORE) PTE. LTD.;70923a3d-93e4-11eb-a33a-a3dfba582839;Delta Electronics;Singapore;Singapore;delta-singapore.com;0.9473684210526315;0.3740350877192983;0.5733333333333333;match;"very strong name match; same country; same city; some industry/text overlap"
137;DHL EXPRESS (SINGAPORE) PTE. LTD.;2d504056-93e5-11eb-9937-4fab995bf8ff;ThaiExpress;Singapore;Singapore;thaiexpress.com.sg;0.9483204134366926;0.837037037037037;0.11128337639965558;match;"good name similarity; same country; same city; some industry/text overlap"
138;DIAL ZERO (PRIVATE) LIMITED;9d28dea3-93e4-11eb-86dd-ffbd1b53140e;DIAL ZERO;Pakistan;Karachi Division;dialzero.pk;0.8387096774193548;0.572879330943847;0.26583034647550774;match;"very strong name match; same country; some industry/text overlap"
139;Nets Denmark A/S;1821bc30-93e5-11eb-a746-fdabd18be9c6;Nets group;Denmark;Ballerup;nets.eu;1.0;0.6382555673382821;0.36174443266171785;match;"very strong name match; same country; same city; some industry/text overlap"
140;DIGI TELECOMMUNICATIONS SDN BHD;16a58291-0b44-11ec-9473-e1d6c5b5ebaf;DLA Technology;Malaysia;Shah Alam;dlatech.com.my;0.9595418242959226;0.9230769230769231;0.03646490121899948;ambiguous;"very strong name match; same country; some industry/text overlap"
141;Digi Telecommunications Sdn. Bhd.;c2b35013-93e4-11eb-b997-8dd98d09cf25;DiGi Telecommunications;Malaysia;Petaling Jaya;celcomdigi.com;0.9354838709677418;0.8047770139256125;0.13070685704212925;match;"very strong name match; same country; same city; some industry/text overlap"
142;DK HOSTMASTER A/S;2015b020-725d-11ec-8323-2bafca655da8;ANDERS LASSEN FONDEN;Denmark;Aalborg Municipality;anderslassenfonden.dk;0.6706766917293233;0.6090225563909775;0.06165413533834585;match;"same country; same city"
143;DNA OYJ;880cd138-93e4-11eb-9937-4fab995bf8ff;DNA;Finland;Helsinki;dna.fi;0.8846153846153847;0.7938856015779093;0.09072978303747536;match;"very strong name match; same country"
144;DNB Bank Karl Johan;6c480d67-93e4-11eb-97db-273ba5953680;DNB;Norway;Oslo;dnb.no;0.8426711941143181;0.7144249512670565;0.1282462428472616;match;"same country; same city"
145;DET NORSKE VERITAS, BUSINESS ASSURANCE, DANMARK A/S;eaf12dc2-0cae-11ec-b624-5bdca4509f94;Assurance Partner;Denmark;Kongens Lyngby;northrisk.dk;0.5819548872180451;0.5514267596702599;0.030528127547785222;ambiguous;same country
146;Dtac Trinet Co Ltd;5ed6dfd6-205c-11ee-8d01-ef4abbbd90e4;Dtac-trinet;Thailand;Saraphi District;;0.7647058823529411;0.60239651416122;0.16230936819172115;match;"very strong name match; same country"
147;DUBEX A/S;18777d50-93e5-11eb-be3a-7f925cb94351;Dubex;Denmark;Gladsaxe Municipality;dubex.dk;1.0;0.4470046082949309;0.5529953917050692;match;"very strong name match; same country; same city; some industry/text overlap"
148;DXC TECHNOLOGY NORGE AS;d3ccacb0-a3ce-11ed-b93a-8509659c73d1;DXC Technology Norge AS;Norway;Oslo;;0.7526881720430108;0.7150537634408601;0.037634408602150615;ambiguous;"very strong name match; same country; some industry/text overlap"
149;DXC Technology Sverige AB;f19d20b5-250a-11ec-b70f-ed0ff919fa1a;DXC Technology Sverige AB.;Sweden;Gothenburg;;0.7368421052631579;0.568922305764411;0.1679197994987468;match;"very strong name match; same country; some industry/text overlap"
150;Dynamic-Telecommunication Sdn. Bhd.;6fef3cc3-499f-11ee-955d-cffc14e1ac7f;Dynamic-Telecommunication Sdn Bhd.;Malaysia;Johor Bahru;dynagroup.my;0.7777777777777778;0.7164750957854406;0.06130268199233724;match;"very strong name match; same country; some industry/text overlap"
151;EASTCOMPEACE (SINGAPORE) PTE. LTD.;6cc2cc31-a630-11ed-9a26-bbb8582c677b;Eastcompeace Singapore Pte Ltd.;Singapore;Singapore;;0.8947368421052632;0.7445820433436533;0.15015479876160986;match;"very strong name match; same country; same city; some industry/text overlap"
152;EASTCOMPEACE SMART CARD (BANGLADESH) LIMITED;203f5ad6-b918-11ed-bc6c-cde58c4dffa0;Eastcompeace Smart Card Bangladesh Limited.;Bangladesh;Dhaka;;0.875;0.7361438679245282;0.13885613207547176;match;"very strong name match; same country; some industry/text overlap"
153;Eastcompeace Technology Co.,Ltd;d3e5dfe4-123f-11ec-b7b8-257f68cd18d4;Eastcompeace;China;Zhuhai;eastcompeace.com;0.9473684210526315;0.7482837528604119;0.1990846681922196;match;"very strong name match; same country; same city; some industry/text overlap"
154;Ecapacity A/S;2a2e9a98-1200-11ec-b96f-e38fcfed8310;eCapacity;Denmark;Copenhagen;ecapacity.com;1.0;0.7505720823798626;0.24942791762013738;match;"very strong name match; same country; same city; some industry/text overlap"
155;ECI Media Management AB;2b50edd1-93e5-11eb-a746-fdabd18be9c6;ECI Media Management;Sweden;Stockholm;ecimediamanagement.com;1.0;0.7145748987854251;0.2854251012145749;match;"very strong name match; same country; same city; some industry/text overlap"
156;ECI MEDIA MANAGEMENT AB;2b50edd1-93e5-11eb-a746-fdabd18be9c6;ECI Media Management;Sweden;Stockholm;ecimediamanagement.com;1.0;0.9468085106382979;0.05319148936170215;match;"very strong name match; same country; some industry/text overlap"
157;Edotco Group Sdn. Bhd.;c01a55bf-93e4-11eb-9937-4fab995bf8ff;EDOTCO Group;Malaysia;Shah Alam;;0.7777777777777778;0.7402402402402403;0.037537537537537524;ambiguous;"very strong name match; same country; some industry/text overlap"
158;EDOTCO TOWERS PAKISTAN (PRIVATE) LIMITED;00585f10-03dd-11ec-88c1-8d1ee037d45b;Aquamatch;Pakistan;Lahore;aquamatch.pk;0.7264957264957266;0.7008547008547009;0.02564102564102566;ambiguous;same country
159;Egencia Denmark A/S;386ddce7-93e5-11eb-b4a6-27899be4e45d;Egencia;Denmark;Odense;egencia.dk;0.7894736842105263;0.5217785843920145;0.2676950998185118;match;"very strong name match; same country; some industry/text overlap"
160;EGENCIA LLC;21683381-0e12-11ec-9290-4759484bcf45;Egencia New Zealand;United States;Chicago;egencia.co.nz;0.7692307692307692;0.6875;0.08173076923076916;match;"same country; some industry/text overlap"
161;EGENCIA NORWAY AS;06e4ced6-ff7f-11eb-84ab-359586b9329a;Egencia;Norway;Gjøvik;egencia.no;0.6508771929824562;0.3830409356725146;0.26783625730994154;match;"same country; some industry/text overlap"
162;Egencia Sweden AB;49c538c1-0505-11ec-8ca3-7ba9e5b40c47;Egencia Switzerland;United Kingdom;London;egencia.ch;0.35964912280701755;0.35059422750424446;0.009054895302773092;no_match;some industry/text overlap
163;Egeneration Limited;9ade0445-93e4-11eb-8ad6-7326edce8d21;eGeneration;Bangladesh;Dhaka;egeneration.co;1.0;1.0;0.0;ambiguous;"very strong name match; same country; same city; some industry/text overlap"
164;ELGIGANTEN GROSSIST A/S;6cc5eff0-93e4-11eb-8ad6-7326edce8d21;Elgiganten;Denmark;Copenhagen;elgiganten.dk;0.6974474474474475;0.6600156494522691;0.03743179799517837;ambiguous;"good name similarity; same country; some industry/text overlap"
165;ELTEL NETWORKS CONNECT A/S;f2d78814-93e4-11eb-8859-29e7c34dee35;Eltel Networks;Denmark;Herlev;eltelgroup.com;0.8526298241226973;0.6143369175627239;0.23829290655997337;match;"good name similarity; same country; same city; some industry/text overlap"
166;Energy Cool ApS;ab422f07-93e4-11eb-86dd-ffbd1b53140e;Energy Cool;Denmark;Fredericia Municipality;energy-cool.com;0.9352226720647774;0.7075187969924812;0.22770387507229617;match;"good name similarity; same country; same city; some industry/text overlap"
167;ENETEK POWER SPOLKA Z OGRANICZONA ODPOWIEDZIALNOSCIA;0a8c7fb4-1403-11ec-9819-3df44af6372a;Spółka OLOGROUP Spółka z ograniczoną odpowiedzialnością;Poland;Kielce;ologroup.pl;0.6791006642820644;0.49755374351371384;0.18154692076835055;match;same country
168;ENERGI HOBRO TELE A/S;b6dc75a2-93e4-11eb-aa66-9b8d95e2171b;Norlys;Denmark;Silkeborg;norlys.dk;0.7830101569713758;0.7543859649122806;0.028624192059095166;ambiguous;"same country; same city; some industry/text overlap"
169;Enreach Campaigns A/S;dd63e4c0-93e4-11eb-8ad6-7326edce8d21;Campaigns;Denmark;Copenhagen;campaigns.dk;0.5947368421052632;0.533106960950764;0.06162988115449919;match;"same country; some industry/text overlap"
170;Ericsson (Malaysia) Sdn. Bhd.;869f6933-e6fe-11ee-a4cc-db6ddf3d40c6;SwedCham;Malaysia;Kuala Lumpur;swedcham.my;0.7258064516129031;0.6093189964157705;0.11648745519713266;match;"very strong name match; same country; some industry/text overlap"
171;Ericsson (Thailand) Limited;d2916f52-250a-11ec-8093-db09f614eb78;Ericsson Thailand Ltd.;Thailand;Chatuchak;;0.9139784946236559;0.5888376856118791;0.3251408090117768;match;"very strong name match; same country; same city; some industry/text overlap"
172;ERICSSON AB;334cae31-0bcc-11ec-a040-cbff7458f722;Ericsson Väst Seniorförening;Sweden;;ericssonvastsen.se;1.0;0.9210526315789473;0.07894736842105265;match;"very strong name match; same country; some industry/text overlap"
173;ERICSSON AS;ff083300-a7b5-11ed-bec3-afeedabcf530;Ericsson AS;Norway;Oslo;epignosis.no;0.7526881720430108;0.6953405017921146;0.057347670250896154;match;"very strong name match; same country; some industry/text overlap"
174;ERICSSON DANMARK A/S;36729930-2d35-11ed-98d8-c5babc9e48bf;Ericsson;Denmark;Taastrup;;0.5414746543778801;0.5203649397197785;0.02110971465810163;ambiguous;"same country; some industry/text overlap"
175;ERNST & YOUNG LLP;daa8f764-0040-11ef-9687-91451869a05d;Ernst Engineering Pte. Ltd.;Singapore;;;0.5;0.4230769230769231;0.07692307692307693;match;"same country; some industry/text overlap"
176;EY Godkendt Revisionspartnerselskab;1cccf4c6-93e5-11eb-8ad6-7326edce8d21;JH Revision;Denmark;Taastrup;svendaagejensen.dk;0.6653574234092695;0.6305796135909393;0.03477780981833023;ambiguous;"very strong name match; same country"
177;ERP DENMARK ApS;33a00afc-f81d-11ed-8ed0-97e170af3960;Batteriindsamling ERP Denmark ApS.;Denmark;Nyborg;erp-recycling.dk;0.7719298245614035;0.7295825771324864;0.042347247428917045;ambiguous;"same country; same city; some industry/text overlap"
178;Estel Technologies Private Limited;e87217f9-93e4-11eb-8ad6-7326edce8d21;Estel Technologies;India;Gurugram;esteltelecom.com;0.7894736842105263;0.6130604288499025;0.1764132553606238;match;"very strong name match; same country; some industry/text overlap"
179;EUTELSAT S.A.;45dbaaf8-93e5-11eb-8e19-198fb02d6f96;EUTELSAT IGO;France;Paris;eutelsatigo.int;0.8947368421052632;0.8442105263157894;0.05052631578947375;match;"good name similarity; same country; same city; some industry/text overlap"
180;Ework Group AB (Publ);8674cc02-93e4-11eb-be5a-4f810ab55f2e;Ework Group;Sweden;Stockholm;eworkgroup.com;0.906158357771261;0.5983914677856456;0.3077668899856154;match;"good name similarity; same country; same city; some industry/text overlap"
181;EWORK NORDIC ApS;c2b5c128-93e4-11eb-8ad6-7326edce8d21;NORDIC MEDICAL SOLUTIONS;Denmark;Copenhagen;nordicms.com;0.7469635627530365;0.7421052631578947;0.004858299595141835;ambiguous;"same country; same city; some industry/text overlap"
182;EWORK GROUP NORWAY AS;ef614d16-93e4-11eb-aa66-9b8d95e2171b;Universal Music;Norway;Oslo;universalmusic.no;0.7394091415830547;0.4316770186335404;0.3077321229495143;match;"same country; same city; some industry/text overlap"
183;EXFO Ltd.;3034bc10-74ad-11ed-9364-a958028bfff1;EXFO Finland Oy.;Finland;Oulu;;0.6509695290858726;0.5789473684210527;0.07202216066481992;match;"same country; same city; some industry/text overlap"
184;EXIDE TECHNOLOGIES AS;240ec88e-0d0c-11ec-ba39-9dfb291dc0cf;Air Cargo Logistics;Norway;Ullensaker;aclogistics.no;0.7613219094247247;0.7368421052631579;0.02447980416156681;ambiguous;"same country; same city"
185;EXPRESS PUBLICATIONS (PVT.) LIMITED;30e85b2a-93e5-11eb-a746-fdabd18be9c6;Educating Youth;Pakistan;Lahore;educatingyouth.net;0.7901785714285714;0.7398255813953488;0.05035299003322258;match;"same country; some industry/text overlap"
186;Extenda Retail AS Avd Oslo;cbcfc573-93e4-11eb-919a-b3f9a5ad205c;ExtendaGO;Norway;Tønsberg;extendago.com;0.7771929824561403;0.7508771929824561;0.02631578947368418;ambiguous;"same country; same city; some industry/text overlap"
187;F5 NETWORKS LIMITED;631c5ae7-e7f1-11ec-ad32-8d2a499c20f7;F5 Networks Inc.;United Kingdom;;couponannie.co.uk;0.6842105263157895;0.56656346749226;0.11764705882352944;match;"very strong name match; same country"
188;FACEBOOK IRELAND LIMITED;0095c4ef-a7e8-11ef-9380-296953288b8e;Base Furnishings;Ireland;Dublin;basefurnishings.ie;0.7157894736842105;0.6970474967907574;0.01874197689345314;ambiguous;"same country; same city"
189;Falck Danmark A/S;e9312230-93e4-11eb-86dd-ffbd1b53140e;Falck;Denmark;Copenhagen;falck.com;0.791497975708502;0.7368421052631579;0.054655870445344146;match;"same country; same city; some industry/text overlap"
190;Fastbridge Malaysia Sdn Bhd;4bd4a421-725b-11ec-a37c-11c248193b5d;Mall of Malaysia;Malaysia;Petaling Jaya;mallofmalaysia.com.my;0.8466160657811511;0.6877786519800682;0.15883741380108296;match;"same country; same city; some industry/text overlap"
191;Favro Holding AB;ff5c55c1-93e4-11eb-aa66-9b8d95e2171b;Favro;Sweden;Uppsala;favro.com;0.8333333333333333;0.711168164313222;0.12216516902011121;match;"same country; same city; some industry/text overlap"
192;Fiberail Sdn. Bhd.;cfbf9d41-93e4-11eb-a736-0f5b20ecb2f1;Fiberail;Malaysia;Cyberjaya;fiberail.com.my;0.8387096774193548;0.8104131295981889;0.028296547821165863;ambiguous;"very strong name match; same country; some industry/text overlap"
193;Fibrecomm Network (M) Sdn. Bhd.;aade3d11-93e4-11eb-919a-b3f9a5ad205c;FIBRECOMM;Malaysia;Kuala Lumpur;fibrecomm.net.my;1.0;0.6710526315789473;0.32894736842105265;match;"very strong name match; same country; same city; some industry/text overlap"
194;DANSK HALON TEKNIK ApS;149e2513-aac5-11ef-8555-0dd834e09bbc;Dansk Iso Teknik;Denmark;Ballerup;isoteknik.dk;0.7644110275689223;0.7235087719298245;0.04090225563909777;ambiguous;"good name similarity; same country; some industry/text overlap"
195;FORM DANMARK ApS;44240fe3-93e5-11eb-919a-b3f9a5ad205c;Form Danmark;Denmark;Odder;formdanmark.dk;0.8421052631578947;0.6553884711779449;0.18671679197994984;match;"very strong name match; same country; some industry/text overlap"
196;SYKES ENTERPRISES NORWAY AS;33003ea0-93e5-11eb-b5f6-816dd10ac7b0;Dalen legesenter;Norway;Bergen;dalenlegesenter.no;0.5756833945328438;0.3604465709728868;0.215236823559957;match;"same country; same city"
197;GARTNER ADVISORY (SINGAPORE) PTE LTD;4b912e03-2d51-11ed-9dca-a136f2c2d761;AEC Technical Advisory;Singapore;Singapore;aectechnicalsg.com;0.8808227465214763;0.8181818181818182;0.06264092833965806;match;"good name similarity; same country; same city; some industry/text overlap"
198;GARTNER NORGE AS;21d91ebf-1b00-11ec-a8e8-f10d0988514b;Gartner Norge;Norway;Oslo;;0.8694846125324434;0.7196620583717357;0.14982255416070767;match;"good name similarity; same country; same city; some industry/text overlap"
199;GBT TRAVEL SERVICES UK LIMITED;0165a523-f0b3-11ee-849e-f5d408dc71cd;PAF SECURITISATION NO.;United Kingdom;London;pafsecuritisationno1plc.com;0.7093023255813954;0.6005012531328321;0.1088010724485633;match;"same country; same city; some industry/text overlap"
200;Genex Infosys Limited;ce7a4c04-93e4-11eb-90d2-e3355a7e800b;Genex Infosys;Bangladesh;Dhaka;genexinfosys.com;1.0;1.0;0.0;ambiguous;"very strong name match; same country; same city; some industry/text overlap"
201;GEO ENTERTAINMENT TELEVISION (PVT.) LIMITED;fce143ad-93e4-11eb-86dd-ffbd1b53140e;HarPal Geo;Pakistan;Karachi;harpalgeo.tv;0.7660910518053375;0.7269705603038936;0.03912049150144392;ambiguous;"same country; some industry/text overlap"
202;GINTEL AS;404994d0-93e5-11eb-8474-3bbe2d07207d;Gintel Norway;Norway;Trondheim;gintel.com;1.0;0.5108695652173914;0.48913043478260865;match;"very strong name match; same country; same city; some industry/text overlap"
203;GLOBALCONNECT A/S;d9a64075-93e4-11eb-9937-4fab995bf8ff;GlobalConnect;Denmark;Copenhagen;globalconnect.dk;0.8695652173913044;0.59472049689441;0.27484472049689446;match;"very strong name match; same country; some industry/text overlap"
204;Glory Fashions Ltd.;fe92eb43-93e4-11eb-9937-4fab995bf8ff;Glory Fashions;Bangladesh;Dhaka;gloryfashions.com;1.0;0.8221052631578948;0.17789473684210522;match;"very strong name match; same country; same city; some industry/text overlap"
205;Goecker Service A/S;eb6bf704-93e4-11eb-97db-273ba5953680;Goecker since 1862;Denmark;Copenhagen;goecker.dk;0.8350877192982457;0.6449221645663454;0.19016555473190022;match;"same country; same city; some industry/text overlap"
206;GOGIFT.COM A/S;b8ca3bec-93e4-11eb-9937-4fab995bf8ff;GoGift;Denmark;Copenhagen;gogift.com;0.9166666666666667;0.5803571428571428;0.33630952380952395;match;"good name similarity; same country; some industry/text overlap"
207;Google Asia Pacific Pte. Ltd.;1d514729-01ae-11ef-ba8c-a5c322c4d97c;Google Asia Pacific Pte. Ltd.;Singapore;;duoi625maxim.com;0.7471264367816093;0.574712643678161;0.1724137931034483;match;"very strong name match; same country; some industry/text overlap"
208;Google Cloud EMEA Limited;71534048-93e4-11eb-a746-fdabd18be9c6;DoubleClick;United States;New York;google.com;0.6666666666666666;0.625;0.04166666666666663;ambiguous;"very strong name match; some industry/text overlap"
209;GOOGLE COMMERCE LIMITED;be55a775-c4b2-11ec-af9f-718ab7b26330;Google Commerce Limited;Ireland;Dublin 4;lespotnoir.com;0.875;0.53125;0.34375;match;"very strong name match; same country; some industry/text overlap"
210;GOOGLE IRELAND LIMITED;c9226d45-aa22-11ed-bb93-cd216f6acc3c;Anbieter Google Ireland;Ireland;Dublin 4;diessen-mitte.com;0.8449502133712661;0.7087114337568058;0.1362387796144603;match;"good name similarity; same country; same city"
211;GRAMEENPHONE LTD;0e257043-dc98-11ef-b8b0-a1dc081da81f;Grameenphone Centre;Bangladesh;Dhaka;;0.8129032258064516;0.7368421052631579;0.07606112054329373;match;"good name similarity; same country; some industry/text overlap"
212;Grassfish Denmark ApS;03ae71d3-93e5-11eb-aa66-9b8d95e2171b;playscapes Denmark;Denmark;Aarhus;playscapes.dk;0.6884944920440637;0.6764705882352942;0.012023903808769498;ambiguous;"same country; some industry/text overlap"
213;Green Packet Berhad;ba0505da-93e4-11eb-97db-273ba5953680;GREEN PACKET;Malaysia;Petaling Jaya;greenpacket.com;0.9824561403508772;0.8502024291497975;0.13225371120107976;match;"very strong name match; same country; same city; some industry/text overlap"
214;GreenMind A/S;7f603490-93e4-11eb-86dd-ffbd1b53140e;GreenMind Aalborg;Denmark;Aarhus;greenmind.dk;0.8421052631578947;0.660287081339713;0.18181818181818166;match;"very strong name match; same country; some industry/text overlap"
215;grey advertising ( bangladesh) ltd.;fd557720-5982-11ec-a195-fb7c9849e658;Backpage PR;Bangladesh;Dhaka;backpagepr.com;0.9791666666666666;0.8864795918367347;0.09268707482993188;match;"very strong name match; same country; some industry/text overlap"
216;GSM ASSOCIATION;b1eae542-93e4-11eb-aa66-9b8d95e2171b;GSMA Training;United Kingdom;London;gsmatraining.com;0.9473684210526315;0.728421052631579;0.21894736842105256;match;"very strong name match; same country; same city; some industry/text overlap"
217;HARBIN COSLIGHT NEW ENERGY CO., LTD.;4214b8bf-1d88-11ef-a07a-c90c75a354c8;Harbin Xinju New Energy Co. Ltd.;China;Harbin;;0.7979821141939921;0.7602996254681648;0.03768248872582736;ambiguous;"good name similarity; same country; same city"
218;HE SIKRING A/S;a40484c0-0ae9-11ec-8b96-2f712d78ea00;Sikring Vest A/S.;Denmark;;sikringvest-as.dk;0.7298245614035088;0.7298245614035088;0.0;ambiguous;"same country; some industry/text overlap"
219;HELP Forsakring filial;8dbea451-93e4-11eb-a33a-a3dfba582839;HELP Försäkring;Sweden;Stockholm;helpforsakring.se;0.842948717948718;0.6321428571428571;0.21080586080586083;match;"good name similarity; same country"
220;HELP FORSIKRING AS;a90e10f4-93e4-11eb-be5a-4f810ab55f2e;HELP Forsikring;Norway;Oslo;help.no;1.0;0.7230187176423736;0.2769812823576264;match;"very strong name match; same country; same city; some industry/text overlap"
221;HELP FORSIKRING,FILIAL AF HELP FORSIKRING AS, NORGE;bb79f296-93e4-11eb-86dd-ffbd1b53140e;HELP Forsikring;Denmark;Copenhagen;helpforsikring.dk;0.7570295602018745;0.6624660242154683;0.09456353598640621;match;"same country; same city; some industry/text overlap"
222;HERM. RASMUSSEN A/S;8de2ce1b-93e4-11eb-a33a-a3dfba582839;Herm;Denmark;Silkeborg;herm.dk;0.8421052631578947;0.7556390977443609;0.0864661654135338;match;"very strong name match; same country; some industry/text overlap"
223;HEST AGENTUR AS;19b24740-93e5-11eb-aa66-9b8d95e2171b;HEST Agentur;Norway;Oslo;hestagentur.no;1.0;0.7547559966914805;0.24524400330851948;match;"very strong name match; same country; same city; some industry/text overlap"
224;HETEK A/S;6cf9d142-93e4-11eb-8859-29e7c34dee35;HETEK;Denmark;Vejle;hetek.dk;1.0;0.4586466165413534;0.5413533834586466;match;"very strong name match; same country; same city; some industry/text overlap"
225;Hewlett-Packard (M) Sdn Bhd;c4a8edac-a10f-11ed-8865-3b27972b8eff;Hewlett-Packard M Sdn. Bhd.;Malaysia;Bayan Lepas;;0.8974358974358975;0.8424908424908425;0.05494505494505497;match;"very strong name match; same country; some industry/text overlap"
226;Hewlett-Packard (Thailand) Ltd.;b4aa7732-5f7b-11ed-9ad1-5ba8e7935b78;Thailand Insurance Symposium 2022;Thailand;Bangkok;tis2022.com;0.8596491228070174;0.7368421052631579;0.12280701754385959;match;"very strong name match; same country; same city"
227;HEWLETT-PACKARD ApS;571d319b-1e68-11ee-8977-f9df9a4bf47f;Hewlett-Packard ApS.;Denmark;Aarhus;;0.7368421052631579;0.5157894736842106;0.22105263157894728;match;"very strong name match; same country; some industry/text overlap"
228;HEWLETT-PACKARD NORGE AS;00bb2912-918f-11ed-b02c-eb054ee9ca4a;Linestore;Norway;Bærum;linestore.no;0.662873399715505;0.568922305764411;0.09395109395109391;match;"same country; same city"
229;Hewlett Packard Singapore (Sales) Pte., Ltd.;d3c03269-e0ca-11ee-af37-875b13c328d9;Hewlett Packard Depot Rd;Singapore;Singapore;;0.7514354066985646;0.6517543859649123;0.09968102073365226;match;"same country; same city; some industry/text overlap"
230;HEWLETT-PACKARD SVERIGE AB;4676a351-f930-11ed-b4e8-cf8e051b3eab;Hewlett-Packard Sverige AB.;Sweden;Malmo;;0.875;0.411231884057971;0.463768115942029;match;"very strong name match; same country; some industry/text overlap"
231;HIGH TOUCH, INC.;973dd312-93e4-11eb-90d2-e3355a7e800b;High Touch High Tech;United States;Los Angeles;sciencemadefunwla.net;0.8596491228070174;0.8505942275042444;0.009054895302773036;ambiguous;"same country; same city; some industry/text overlap"
232;HOLDSPORT.DK ApS;acbf3216-93e4-11eb-a746-fdabd18be9c6;Holdsport;Denmark;Aarhus;holdsport.dk;0.8502024291497975;0.706766917293233;0.14343551185656445;match;"good name similarity; same country; same city; some industry/text overlap"
233;HOPPECKE BATTERIEN GMBH & CO. KG;4d284b47-0afe-11ec-b45f-7fdf93e89edf;Hoppecke;Germany;Brilon;hoppecke-history.de;0.9092702169625247;0.9022024983563445;0.007067718606180273;ambiguous;"very strong name match; same country; some industry/text overlap"
234;HP INC (THAILAND) COMPANY LIMITED;f6162cf3-5a2d-11ed-be40-7d734d234848;HP Inc Thailand Ltd.;Thailand;Bang Rak;;0.7526881720430108;0.6989247311827956;0.05376344086021512;match;"very strong name match; same country; some industry/text overlap"
235;HP INC DANMARK ApS;e861f812-cf3e-11ed-a9e6-41f52173ea03;HP Inc Denmark ApS.;Denmark;Lillerød;;0.8294930875576036;0.7311827956989246;0.09831029185867901;match;"very strong name match; same country; same city"
236;HP NORGE AS;6fb6df80-918f-11ed-9198-5108792e5842;HP Norge;Norway;Bærum;hp-norge.no;1.0;0.6153846153846154;0.3846153846153846;match;"very strong name match; same country; same city; some industry/text overlap"
237;Hp Pps Sales Sdn. Bhd.;d5c3fb2e-a8c9-11ef-9c3c-1f32e3c7982a;HP PPS Sales Sdn Bhd.;Malaysia;Kuala Lumpur;hp-aipcvideocontest.com;0.8947368421052632;0.8812415654520919;0.013495276653171295;ambiguous;"very strong name match; same country; same city; some industry/text overlap"
238;HP PPS SINGAPORE (SALES) PTE. LTD.;28cb5283-f474-11ec-9207-43fec1f49158;GG Playfest;Singapore;Singapore;ggplayfest.com;0.8157894736842105;0.6152046783625732;0.2005847953216373;match;"very strong name match; same country; some industry/text overlap"
239;HUAWEI INTERNATIONAL PTE. LTD.;81727301-2350-11ec-be87-a3acfe0d4893;Huawei Enterprise;Singapore;;;0.9;0.6575757575757576;0.24242424242424243;match;"very strong name match; same country; some industry/text overlap"
240;Huawei Technologies (Bangladesh) Limited.;b51941d7-93e4-11eb-a746-fdabd18be9c6;Shahidul Islam Sarker;Bangladesh;Dhaka;shahidulsarker.com;0.9583333333333334;0.8916666666666667;0.06666666666666665;match;"very strong name match; same country"
241;HUAWEI TECHNOLOGIES (DENMARK) ApS;3821892f-0c58-11ec-a1e5-5b23ac48a38b;Xplora Technologies Denmark;Denmark;Copenhagen;xplora.dk;0.8092812676853424;0.7005847953216374;0.10869647236370494;match;"good name similarity; same country; same city; some industry/text overlap"
242;Huawei Technologies (Malaysia) Sdn. Bhd.;3e229adb-f5be-11ed-9659-9b00f4ea9e93;Huawei Technologies Malaysia Sdn Bhd TRX;Malaysia;Kuala Lumpur;;0.8913412563667231;0.8566308243727598;0.03471043199396329;ambiguous;"very strong name match; same country; same city; some industry/text overlap"
243;HUAWEI TECHNOLOGIES (THAILAND) CO., LTD.;98a3b367-2d1d-11ed-bff5-21b6c2658068;Huawei Technologies Thailand Co Ltd.;Thailand;;transformex.org;0.7526881720430108;0.6989247311827956;0.05376344086021512;match;"very strong name match; same country; some industry/text overlap"
244;HUAWEI TECHNOLOGIES NORWAY AS;fea798e2-1afc-11ec-9308-05476ec24aab;Huawei Technologies Norway AS;Norway;Bærum;;0.9139784946236559;0.6757583704869305;0.23822012413672533;match;"very strong name match; same country; same city; some industry/text overlap"
245;HUAWEI TECHNOLOGIES PAKISTAN (PRIVATE) LIMITED;ca2f9ba8-8aa4-11ec-9066-739984ffef59;HUAWEI Pakistan;Pakistan;Islamabad;;0.748103692589814;0.7076023391812865;0.04050135340852756;ambiguous;"same country; same city"
246;Huawei Technologies Sweden AB;d15378e1-04d0-11ec-a6a3-7d13d87fe979;Future of Wireless;Sweden;Stockholms Kommun;futureofwireless.eu;0.8974358974358975;0.6932938856015779;0.20414201183431957;match;"very strong name match; same country; some industry/text overlap"
247;HUBER+SUHNER A/S;7d5aecb0-1b05-11ec-88d5-df9161de908b;Huber Suhner A/S.;Denmark;Værløse;;0.7526881720430108;0.5282691640652099;0.2244190079778009;match;"very strong name match; same country; some industry/text overlap"
248;Huber+Suhner AG;0ac24602-93e5-11eb-8474-3bbe2d07207d;HUBER SUHNER Sales Partners;Switzerland;Herisau;hubersuhner.com;0.9522102747909199;0.8387096774193548;0.11350059737156515;match;"good name similarity; same country; same city; some industry/text overlap"
249;HUBER+SUHNER ELECTRONICS PRIVATE LIMITED;0ac24602-93e5-11eb-8474-3bbe2d07207d;HUBER SUHNER Sales Partners;Switzerland;Herisau;hubersuhner.com;0.4573099415204679;0.42105263157894735;0.036257309941520544;ambiguous;some industry/text overlap
250;Hum Network Limited;395074a2-93e5-11eb-a746-fdabd18be9c6;Hum Network;Pakistan;Karachi Division;humnetwork.tv;0.8620689655172414;0.574712643678161;0.28735632183908044;match;"very strong name match; same country; some industry/text overlap"
251;Human Edge Management AG;14161f0e-93e5-11eb-97db-273ba5953680;Human Edge;Switzerland;Basel;human-edge.com;1.0;0.7597840755735493;0.24021592442645068;match;"very strong name match; same country; same city; some industry/text overlap"
252;Hydro Energi AS;f035adb0-d13e-11ec-a4fa-c3f40e4b757a;Hydro Rein;Norway;Oslo;hydrorein.com;0.8379416282642088;0.7216708023159636;0.11627082594824523;match;"good name similarity; same country; same city; some industry/text overlap"
253;IBM DANMARK A/S;0131b200-93e5-11eb-a736-0f5b20ecb2f1;SJEC;Denmark;Jyllinge;sjecdanmark.dk;0.8870967741935484;0.8333333333333333;0.05376344086021512;match;"good name similarity; same country; some industry/text overlap"
254;Idemia France SAS;53d8e63e-0e57-11ec-867e-772dbc1f037a;Fitness Idemia;France;Courbevoie;fitness-idemia.fr;0.8870967741935484;0.84375;0.043346774193548376;ambiguous;"good name similarity; same country; some industry/text overlap"
255;OBERTHUR TECHNOLOGIES NORWAY AS;03831c14-93e5-11eb-a33a-a3dfba582839;Oberthur Technologies;France;Paris;oberthur.com;0.4119106699751861;0.3832368348497381;0.02867383512544802;no_match;"good name similarity; some industry/text overlap"
256;IKANO BANK, FILIAL AF IKANO BANK AB (PUBL), SVERIGE;16d6c5a0-93e5-11eb-90d2-e3355a7e800b;Ikano Bank;Denmark;Glostrup;ikanobank.dk;0.6926547137073452;0.6865439460720768;0.00611076763526841;ambiguous;"same country; same city; some industry/text overlap"
257;Imi Mobile Vas Limited;058d9227-93e5-11eb-919a-b3f9a5ad205c;TEXTLOCAL;India;Hyderabad;textlocal.in;0.562394127611519;0.5324675324675324;0.029926595143986545;ambiguous;"good name similarity; some industry/text overlap"
258;IMIMOBILE EUROPE LIMITED;df37ba50-93e4-11eb-b89f-536884b3e7dd;IMImobile;United Kingdom;London;imimobile.com;0.9736842105263158;0.868421052631579;0.10526315789473684;match;"very strong name match; same country; same city; some industry/text overlap"
259;INDEPENDENT MEDIA CORPORATION (PRIVATE) LIMITED.;c2a15e50-d5c4-11ee-b607-b56d5b475a9b;Independent Pak Media;Pakistan;Gojra;;0.7074136955291455;0.6493428912783752;0.05807080425077027;match;"good name similarity; same country; some industry/text overlap"
260;INFINERA CORPORATION;3eb2bbab-17c0-11f0-af94-ddfd1c46b53d;INFINERA CORP;United States;San Jose;infinerac.xyz;1.0;1.0;0.0;ambiguous;"very strong name match; same country; same city; some industry/text overlap"
261;INFOMEDIA A/S;fa89bf14-93e4-11eb-9937-4fab995bf8ff;INFOMEDIA;Denmark;Copenhagen;infomedia.dk;0.9450800915331807;0.8421052631578947;0.10297482837528604;match;"good name similarity; same country; same city; some industry/text overlap"
262;INFOSYS LIMITED;dcc5e190-22df-11ec-817c-6169a8cec47d;Infosys Limited;India;Bengaluru;;0.9139784946236559;0.9044205495818398;0.009557945041816063;ambiguous;"very strong name match; same country; same city; some industry/text overlap"
263;Ingram Micro Mobility Sweden AB;23bb110e-49a8-11ef-b831-79711486170a;INGRAM MICRO NORDIC LOGISTICS AB.;Sweden;Borås;;0.6391534391534391;0.39767441860465114;0.241479020548788;match;same country
264;inlumi ApS;72c0cb60-0a5c-11ed-93fa-95e7af8bdf7c;InLumi DOT;Denmark;Assens Municipality;inlumidot.dk;0.7157894736842105;0.606516290726817;0.10927318295739352;match;"same country; some industry/text overlap"
265;INSIDER SECURITY PTE. LTD.;b99023f2-93e4-11eb-a33a-a3dfba582839;InsiderSecurity;Singapore;;insidersecurity.co;0.8695652173913044;0.697463768115942;0.17210144927536242;match;"very strong name match; same country; some industry/text overlap"
266;INTEGRITY RISK INTERNATIONAL LLC;99015501-93e4-11eb-b4a6-27899be4e45d;Integrity Risk International;United States;Reston;integrityriskintl.com;1.0;0.7317870948557835;0.2682129051442165;match;"very strong name match; same country; same city; some industry/text overlap"
267;Intouch Insight Inc.;886a8187-93e4-11eb-b4a6-27899be4e45d;Intouch Insight;Canada;Ottawa;intouchinsight.com;1.0;0.6228070175438596;0.3771929824561404;match;"very strong name match; same country; same city; some industry/text overlap"
268;Intrum Debt Finance AG;7316a898-0329-11ec-b8c3-3bf8fc59b722;Abc Kids Store;Switzerland;Buchs (ZH);abc-kidsstore.ch;0.6421052631578947;0.6198830409356726;0.022222222222222143;ambiguous;same country
269;ADVIS A/S;3c29f631-0c51-11ec-a966-a7729a63d3f1;Advisas GmbH;Germany;Hanover;advisas.de;0.5263157894736842;0.4853801169590643;0.04093567251461988;ambiguous;"good name similarity; some industry/text overlap"
270;IPG MEDIABRANDS (SINGAPORE) PTE. LTD.;9b3460e0-4e9a-11ef-9005-197c1f23de9c;IPG Mediabrands APAC;Singapore;Singapore;;0.74375;0.66875;0.07500000000000007;match;"good name similarity; same country; some industry/text overlap"
271;Ipsos Sdn. Bhd.;dff13de7-1afd-11ec-a31a-a7a88bbb321b;Ipsos Sdn Bhd.;Malaysia;Kuala Lumpur;;0.8974358974358975;0.7037037037037037;0.19373219373219375;match;"very strong name match; same country; some industry/text overlap"
272;ISS Facility Services A/S;52dd79a7-64a6-11ee-8ba4-c1d00e9cebfd;ISS Facility Services Ltd.;Denmark;Gladsaxe Municipality;frontend-issworld-demo.vercel.app;0.8932112890922961;0.7719298245614035;0.12128146453089261;match;"very strong name match; same country; same city; some industry/text overlap"
273;ISS FACILITY SERVICES AB;4cf5285b-27d1-11ef-bd6f-218060e3190a;ISS Facility Services AB.;Sweden;Västervik;;0.9333333333333333;0.8886524822695034;0.04468085106382991;ambiguous;"very strong name match; same country; some industry/text overlap"
274;ISS FACILITY SERVICES AS;efbe1611-263f-11ec-b5b4-bfd9daeb9f18;ISS Facility Services AS;Norway;Oslo;kantinebetaling.no;0.9139784946236559;0.8280624077588024;0.08591608686485352;match;"very strong name match; same country; same city; some industry/text overlap"
275;ISS GLOBAL A/S;c2b80b00-93e4-11eb-a33a-a3dfba582839;ISS;Denmark;Søborg;issworld.com;0.7894736842105263;0.5087719298245614;0.2807017543859649;match;"very strong name match; same country; some industry/text overlap"
276;ITECTRA A/S;6d50f1e1-93e4-11eb-b4a6-27899be4e45d;Itectra;Denmark;Aalborg;itectra.com;0.8421052631578947;0.6042105263157895;0.23789473684210516;match;"very strong name match; same country; some industry/text overlap"
277;JACK OF DIGITAL (PRIVATE) LIMITED;aceeb54f-027f-11ec-adbd-5ff720d6d289;Jack of Digital;Pakistan;Saddar Town;jackofdigital.com;1.0;0.6466165413533834;0.3533834586466166;match;"very strong name match; same country; same city; some industry/text overlap"
278;AEON DANMARK A/S;3b4ba864-93e5-11eb-b5f6-816dd10ac7b0;Jansson El;Denmark;Vejle;jansson.dk;0.8070175438596491;0.6947368421052631;0.11228070175438598;match;"same country; same city"
279;Jastel Network Co Ltd;7f176bc0-93e4-11eb-a746-fdabd18be9c6;Jastel;Thailand;Nonthaburi City Municipality;jastel.co.th;0.8387096774193548;0.6397849462365591;0.19892473118279563;match;"very strong name match; same country; some industry/text overlap"
280;JLL Corporate Solutions AB;117f0e3f-9c88-11ef-8bab-03376d671938;JLL CORPORATE SOLUTIONS AB.;Sweden;Stockholm;;0.8125;0.4895833333333333;0.3229166666666667;match;"very strong name match; same country"
281;JOB-INDEX A/S;95040fb3-93e4-11eb-9937-4fab995bf8ff;Jobindex;Denmark;Copenhagen;jobindex.tv;0.9831578947368421;0.8252631578947368;0.1578947368421053;match;"very strong name match; same country; same city; some industry/text overlap"
282;JOBSTREET.COM PTE LTD;04f6a945-93e5-11eb-8474-3bbe2d07207d;International Tax Management;Singapore;Singapore;itm.com.sg;0.616914103923648;0.5187747035573124;0.09813940036633562;match;"same country; same city"
283;JOHNSON CONTROLS DENMARK APS;3029aeeb-1b04-11ec-be44-b33b64e33ebc;Johnson Controls Denmark ApS Head office;Denmark;Aarhus;;0.8380771663504111;0.7966764418377321;0.041400724512678955;ambiguous;"good name similarity; same country; same city; some industry/text overlap"
284;JONES LANG LASALLE PROPERTY CONSULTANTS PTE LTD;a0c7c82f-a62d-11ed-b2cd-53de41d2c5f2;Jones Lang Lasalle Property Consultants Pte. Ltd.;Singapore;Singapore;;0.8974358974358975;0.7285395763656634;0.1688963210702341;match;"very strong name match; same country; some industry/text overlap"
285;Kahoot! Denmark ApS;14b174a0-93e5-11eb-8ad6-7326edce8d21;Kahoot;Norway;Oslo;kahoot.com;0.47474747474747475;0.43304007820136853;0.041707396546106223;ambiguous;some industry/text overlap
286;KAMTOWER DANMARK A/S;1914a7b2-93e5-11eb-8474-3bbe2d07207d;Loyal Solutions;Denmark;Copenhagen;loyalsolutions.eu;0.6990553306342779;0.65015479876161;0.04890053187266796;ambiguous;"same country; same city"
287;KANTAR TNS AS;0013bee4-93e5-11eb-b89f-536884b3e7dd;Kantar;Norway;Oslo;kantar.no;0.9473684210526315;0.7744360902255639;0.1729323308270676;match;"very strong name match; same country; same city; some industry/text overlap"
288;Kaon Broadband Co.,Ltd.;39d1a58b-0586-11ec-ad6d-99fb67e6c4ba;KAON BROADBAND;South Korea;Seongnam-si;kaonbroadband.com;1.0;0.7105263157894737;0.2894736842105263;match;"very strong name match; same country; same city; some industry/text overlap"
289;KERRY FREIGHT PAKISTAN (PRIVATE) LIMITED;da7ed6a5-fb93-11ee-aa89-23a399016fc1;Kerry Freight Pakistan PVT LTD.;Pakistan;Karachi;;0.8888888888888888;0.8345679012345679;0.05432098765432092;match;"very strong name match; same country; some industry/text overlap"
290;Kerry Logistics Network Limited;d06cf44c-93e4-11eb-a33a-a3dfba582839;Kerry Logistics;Hong Kong;Hong Kong Island;kerrylogistics.com;0.8421052631578947;0.5789473684210527;0.26315789473684204;match;"very strong name match; same country; some industry/text overlap"
291;KINLY HOLDING AS;ea275f75-2672-11ee-aaf2-7fedf3310a03;Kinly AS avd Trondheim;Norway;Trondheim;;0.4667590027700831;0.3582995951417004;0.10845940762838269;match;"same country; some industry/text overlap"
292;KINNARPS A/S;b0eab351-93e4-11eb-be5a-4f810ab55f2e;Kinnarps;Denmark;Brøndbyvester;kinnarps.dk;0.7871853546910754;0.5789473684210527;0.20823798627002277;match;"good name similarity; same country; some industry/text overlap"
293;KLM-ROYAL DUTCH AIRLINES Filial av utenlandsk foretak.;db8d8f95-f669-11ed-a149-9b392686bc00;Foretak. KLM-Royal Dutch Airlines filial Av utenlandsk;Norway;Oslo;;0.8440251572327044;0.5953102453102452;0.2487149119224592;match;"good name similarity; same country; same city; some industry/text overlap"
294;KM TELECOM DANMARK A/S;483419e2-93e5-11eb-8474-3bbe2d07207d;KM TELECOM;Denmark;Fredericia Municipality;km-telecom.com;1.0;0.7669172932330827;0.23308270676691734;match;"very strong name match; same country; same city; some industry/text overlap"
295;KMD Venture A/S;fce64cb2-93e4-11eb-86dd-ffbd1b53140e;KMD Kommunedata;Denmark;Copenhagen;kmd.dk;0.6285434995112413;0.6182795698924731;0.010263929618768208;ambiguous;same country
296;KODA;1d215651-93e5-11eb-8e19-198fb02d6f96;NCB;Denmark;Copenhagen;ncb.dk;0.6198830409356726;0.6198830409356726;0.0;ambiguous;"same country; same city"
297;KOLEGRUPPEN OST ApS;48005fb1-93e5-11eb-8474-3bbe2d07207d;Kølegruppen Øst ApS.;Denmark;Silkeborg;koelegruppen.dk;0.7553342816500711;0.6165413533834587;0.13879292826661238;match;"very strong name match; same country"
298;KOMMANDITAKTIESELSKABET FREDERIKSSUND SHOPPINGCENTER;09ea36a0-0c64-11ec-910b-9fb86e86ed6c;Frederikssund Fodboldgolf;Denmark;Frederikssund;frederikssundfodboldgolf.dk;0.5515058418284225;0.5103942652329749;0.04111157659544762;ambiguous;same country
299;KORN FERRY (UK) LIMITED;2a5d0b59-1b05-11ec-8de4-3bb83042adac;Korn Ferry;United Kingdom;London;;0.8578775128564748;0.6965871902758297;0.16129032258064513;match;"good name similarity; same country; same city; some industry/text overlap"
300;Kpmg AS Hovedkontor;f06c2d62-93e4-11eb-919a-b3f9a5ad205c;Kpmg AS;Norway;Vegårshei;kpmg.no;0.5726495726495726;0.5349462365591398;0.03770333609043286;ambiguous;"same country; some industry/text overlap"
301;KROLL ASSOCIATES U.K. LIMITED;52c95451-18ff-11f0-b726-e3ae0b5c2c98;Kroll;United Kingdom;London;krollescrow.com;0.7346041055718475;0.6274961597542242;0.10710794581762328;match;"same country; same city; some industry/text overlap"
302;Kromann Reumert;76c8a6a0-93e4-11eb-b89f-536884b3e7dd;Kromann Reumert;Denmark;Copenhagen;kromannreumert.com;1.0;0.8633776091081593;0.1366223908918407;match;"very strong name match; same country; same city; some industry/text overlap"
303;LOXYSOFT AS;179b9c40-93e5-11eb-97db-273ba5953680;Bording Cognito AS;Norway;Oslo;cognito.no;0.7005444646098004;0.662873399715505;0.03767106489429539;ambiguous;"same country; same city"
304;LEASE PLAN FINANS A/S;b62def1d-09ce-11ed-b7b2-8da18dc3cc6a;LEASE A BOX;Denmark;Helsinge;leaseabox.dk;0.6432748538011697;0.5526315789473685;0.09064327485380119;match;same country
305;LeasePlan Sverige AB;fb1700e9-1b5d-11ec-9e2d-97948a03f19d;Leaseplan;Sweden;Solna;leaseplan.se;0.7613430127041741;0.4274537695590327;0.33388924314514146;match;"same country; same city; some industry/text overlap"
306;LEOCH BATTERY PTE. LTD.;9b2222a0-9c13-11ec-a427-3716f54dd1e5;LEOCH Battery;Singapore;Singapore;leoch.sg;0.9473684210526315;0.7032667876588022;0.2441016333938293;match;"very strong name match; same country; same city; some industry/text overlap"
307;LINKEDIN IRELAND UNLIMITED COMPANY;f4d246a0-93e4-11eb-b89f-536884b3e7dd;LinkedIn;United States;Sunnyvale;linkedin.com;0.543859649122807;0.47368421052631576;0.07017543859649128;match;very strong name match
308;LINKEDIN SINGAPORE PTE. LTD.;bd538962-a9a1-11ec-819d-93d1c51cb0f0;Linkedin Local Singapore;Singapore;Singapore;localx.org;0.8809523809523809;0.8761904761904762;0.004761904761904745;ambiguous;"good name similarity; same country; same city; some industry/text overlap"
309;L.M. Ericsson Bangladesh Ltd.;8fc467df-1b06-11ec-a68d-499e0c2c3a34;LM Ericsson Bangladesh Ltd.;Bangladesh;Chattogram;;0.821937321937322;0.48626373626373626;0.3356735856735858;match;"very strong name match; same country"
310;SCANOPTIK A/S;02bf8207-0343-11ec-a297-7d3ac74e6bd6;Engbo Akupunktur;Denmark;Aalborg;engboaku.dk;0.6424682395644283;0.6424682395644283;0.0;ambiguous;"same country; same city"
311;LOYALTY AS;3700913b-93e5-11eb-a746-fdabd18be9c6;Loyalty;Norway;Oslo;loyalty.no;1.0;0.5402298850574714;0.4597701149425286;match;"very strong name match; same country; same city; some industry/text overlap"
312;MAKIO ApS;b43ac8b9-93e4-11eb-a746-fdabd18be9c6;MAKIO;Denmark;Copenhagen Municipality;makio.dk;0.8333333333333334;0.36666666666666664;0.46666666666666673;match;"very strong name match; same country; some industry/text overlap"
313;Manpower Student AB;194b4815-93e5-11eb-a736-0f5b20ecb2f1;Manpower;Sweden;Solna;manpower.se;0.8219814241486068;0.7887218045112782;0.0332596196373286;ambiguous;"good name similarity; same country; same city; some industry/text overlap"
314;MANPOWER AS;753387b2-93e4-11eb-aa66-9b8d95e2171b;MANPOWER;Norway;Oslo;manpower.no;0.9320882852292021;0.6334310850439882;0.2986572001852139;match;"good name similarity; same country; same city; some industry/text overlap"
315;Mapspeople A/S;9e655640-93e4-11eb-a736-0f5b20ecb2f1;MapsPeople;Denmark;Nørresundby;mapspeople.com;1.0;0.6621392190152801;0.33786078098471994;match;"very strong name match; same country; same city; some industry/text overlap"
316;MARKEDSSJEFENE AS;49eaca92-93e5-11eb-a33a-a3dfba582839;Markedssjefene;Norway;Oslo;markedssjefene.no;1.0;0.6534260178748759;0.34657398212512414;match;"very strong name match; same country; same city; some industry/text overlap"
317;JLT Denmark A/S;002ff970-93e5-11eb-8ad6-7326edce8d21;Colas Danmark;Denmark;Horsens;colas.dk;0.7631578947368421;0.533106960950764;0.2300509337860781;match;"good name similarity; same country; some industry/text overlap"
318;MARSH & MCLENNAN AGENCIES AS;9ebf87d2-0b0f-11ec-919d-09f69a4e0983;Gulbrandsen Agencies;Norway;Oslo;gulbrandsen-agencies.no;0.8188327962764053;0.8070175438596491;0.011815252416756183;ambiguous;"same country; same city"
319;Maven Wireless Sweden AB;86550f01-93e4-11eb-97db-273ba5953680;Maven Wireless;Sweden;Stockholms Kommun;mavenwireless.com;1.0;0.630546955624355;0.36945304437564497;match;"very strong name match; same country; same city; some industry/text overlap"
320;MAVENIR SYSTEMS AB;8a8769f3-f8b6-11ed-9214-3d96876bd85b;Mavenir Systems AB.;Sweden;Stockholm;;0.7526881720430108;0.530791788856305;0.2218963831867058;match;"very strong name match; same country; some industry/text overlap"
321;MAVENIR SYSTEMS LIMITED;778051d9-057a-11ec-b41b-d7058b59cf68;Mavenir Systems Inc.;United Kingdom;Henley-on-Thames;postsell.trade;0.6989247311827956;0.5698924731182795;0.12903225806451613;match;"very strong name match; same country"
322;MAVENIR SYSTEMS UK LIMITED;778051d9-057a-11ec-b41b-d7058b59cf68;Mavenir Systems Inc.;United Kingdom;Henley-on-Thames;postsell.trade;0.6598240469208211;0.5913978494623655;0.06842619745845557;match;"very strong name match; same country"
323;Measat Satellite Systems Sdn. Bhd.;1fb93f4c-93e5-11eb-a736-0f5b20ecb2f1;MEASAT;Malaysia;Cyberjaya;measat.com;0.8387096774193548;0.6514864010120176;0.18722327640733716;match;"very strong name match; same country; some industry/text overlap"
324;Media Times Limited;37de0385-e6d6-11ed-8bb1-3d6aecbca671;Media Times Ltd.;Pakistan;Lahore;;0.7368421052631579;0.7155388471177945;0.02130325814536338;ambiguous;"very strong name match; same country; some industry/text overlap"
325;MEISEL EIENDOM AS;390b073a-93e5-11eb-97db-273ba5953680;Lier Planteland;Norway;Lier;lierplanteland.no;0.718796992481203;0.6947368421052631;0.024060150375939893;ambiguous;"same country; same city"
326;META PLATFORMS IRELAND LIMITED;68a204a1-a872-11ed-a172-c70b75c2da79;META World;Ireland;Dublin;metaworld.ie;0.8333333333333334;0.6244369369369369;0.20889639639639646;match;"good name similarity; same country"
327;MICROSOFT IRELAND OPERATIONS LIMITED;146bd77c-4d69-11ed-b869-0b9c3de59569;Microsoft Ireland Operations;Ireland;Dublin;nowubuy.shop;0.8275862068965518;0.7287759628957451;0.09881024400080674;match;"very strong name match; same country; same city"
328;MICROSOFT NORGE AS;4c721116-1afb-11ec-8511-032f81df2a60;Microsoft Norway;Norway;Oslo;microsoft.no;0.8467492260061918;0.6698113207547169;0.1769379052514749;match;"good name similarity; same country; same city; some industry/text overlap"
329;MICROSOFT REGIONAL SALES PTE. LTD.;bbfc7c57-a379-11ed-8bd9-e537e5b659ad;Microsoft Regional Sales Corporation;Singapore;;;0.7222222222222222;0.7190353143841517;0.0031869078380705185;ambiguous;"very strong name match; same country"
330;ABC KANTINEAUTOMATER ApS;565a23d3-ac9b-11ef-9a17-919762eef38e;ABC Auto;Denmark;Fredensborg;abcauto.dk;0.6491228070175438;0.5920032639738881;0.05711954304365563;match;same country
331;NW GRUPPEN A/S;008645a7-332c-11ec-ba1b-799c0ee08065;SJ Gruppen;Denmark;Faaborg;sj-container.dk;0.7518796992481203;0.6947368421052631;0.05714285714285716;match;"good name similarity; same country; some industry/text overlap"
332;MIXPANEL, INC.;cd4156d5-93e4-11eb-91fb-73d498260b10;Mixpanel;United States;San Francisco;mixpanel.com;1.0;0.885057471264368;0.11494252873563204;match;"very strong name match; same country; same city; some industry/text overlap"
333;MNEMONIC AS;b86d48c0-b500-11ec-92c5-7f4ee7009bc8;mnemonic AS.;Norway;Oslo;mnemonic.io;1.0;0.931350114416476;0.06864988558352403;match;"very strong name match; same country; same city; some industry/text overlap"
334;MobilePeople ApS;a112cce1-0fd4-11ec-bad9-ebcc1813e8d3;Mobilepeople;Denmark;Herlev;mobilepeople.dk;0.7956989247311828;0.3989618094178717;0.3967371153133111;match;"very strong name match; same country; some industry/text overlap"
335;MOBILEUM, INC.;5577f372-a5dd-11ef-aeae-313c0af7c979;Mobileum;United States;Cupertino;f6-development-mobileum-site.azurewebsites.net;1.0;0.8947368421052632;0.10526315789473684;match;"very strong name match; same country; same city; some industry/text overlap"
336;MODULEX DANMARK A/S;40e47543-93e5-11eb-8ad6-7326edce8d21;Modulex;Denmark;Billund;modulex.com;0.8993808049535602;0.7075187969924812;0.191862007961079;match;"good name similarity; same country; same city; some industry/text overlap"
337;Monday. Kum Ltd.;0c78cf9d-93e5-11eb-86dd-ffbd1b53140e;Monday;Israel;Tel Aviv-Yafo;monday.com;0.8924731182795699;0.7479091995221027;0.1445639187574672;match;"good name similarity; same country; same city; some industry/text overlap"
338;Mustika Teratai Sdn. Bhd.;b67a2282-e926-11ed-bb20-d929ca7b3418;Mustika Teratai Sdn. Bhd.;Malaysia;Johor Bahru;;0.9139784946236559;0.6397849462365591;0.27419354838709675;match;"very strong name match; same country; same city; some industry/text overlap"
339;NAGARRO AS;1c63d2ba-93e5-11eb-9937-4fab995bf8ff;Nagarro;Germany;Munich;nagarro.com;0.5368421052631579;0.5046439628482972;0.03219814241486074;ambiguous;"very strong name match; some industry/text overlap"
340;NAGARRO ENTERPRISE SERVICES PRIVATE LIMITED;9e554ce0-9be1-11ec-abc1-152b394c15b6;Technowell;India;Hyderabad;technowell.org.in;0.7285318559556786;0.49961861174675815;0.22891324420892045;match;"good name similarity; same country; some industry/text overlap"
341;NEC CORPORATION;c43c3a03-93e4-11eb-8e19-198fb02d6f96;NEC Corporation of Malaysia;Japan;Tokyo;nec.com;0.9444444444444444;0.5444444444444445;0.3999999999999999;match;"very strong name match; same country; same city"
342;NEC CORPORATION OF MALAYSIA SDN. BHD.;24db63d1-8aa4-11ec-9150-8d453a1e7910;NEC Corporation Of Malaysia Sdn. Bhd.;Malaysia;Kuala Lumpur;;0.8947368421052632;0.7962648556876061;0.09847198641765709;match;"very strong name match; same country; same city; some industry/text overlap"
343;NEC Scandinavia Aktiebolag;017131b8-046b-11ec-8cc5-dd2bf7d5b9b0;Scandinavian Packages;Sweden;Järfälla;scandinavianpackages.com;0.674559597346145;0.5881720430107528;0.08638755433539225;match;"same country; some industry/text overlap"
344;NEMTILMELD.DK ApS;0cf1a919-93e5-11eb-86dd-ffbd1b53140e;NemTilmeld;Denmark;Nørresundby;nemtilmeld.dk;0.8908382066276802;0.44534412955465585;0.44549407707302435;match;"same country; same city; some industry/text overlap"
345;Nepa AB;b1c3fc50-93e4-11eb-a736-0f5b20ecb2f1;Nepa Sweden AB.;Sweden;Stockholm;nepa.com;1.0;0.7703349282296651;0.2296650717703349;match;"very strong name match; same country; same city; some industry/text overlap"
346;NERAS DIREKTE AS;a19f2484-93e4-11eb-b4a6-27899be4e45d;Neras direkte;Norway;Trondheim;nerasdirekte.no;0.8421052631578947;0.6578947368421053;0.18421052631578938;match;"very strong name match; same country; some industry/text overlap"
347;Nestor Cables Oy;786eb580-93e4-11eb-b997-8dd98d09cf25;Nestor cables;Finland;Oulu;nestorcables.com;1.0;0.956442831215971;0.04355716878402904;ambiguous;"very strong name match; same country; same city; some industry/text overlap"
348;NET ONE ASIA PTE. LTD.;36898c82-93e5-11eb-97db-273ba5953680;Net One Asia;Singapore;Singapore;netoneasia.com;1.0;0.9157894736842105;0.08421052631578951;match;"very strong name match; same country; same city; some industry/text overlap"
349;NETIC A/S;3e619af8-93e5-11eb-8859-29e7c34dee35;Netic;Denmark;Aalborg;netic.dk;1.0;0.4736024844720498;0.5263975155279502;match;"very strong name match; same country; same city; some industry/text overlap"
350;NETS DANMARK A/S;1821bc30-93e5-11eb-a746-fdabd18be9c6;Nets group;Denmark;Ballerup;nets.eu;0.9456521739130435;0.6719001610305959;0.27375201288244755;match;"very strong name match; same country; same city; some industry/text overlap"
351;New Skies Satellites B.V.;1238cd68-9cd4-11ef-b56b-31d2bc338e4f;New Skies Satellites B.V.;Netherlands;The Hague;;0.8602150537634408;0.6510647269660552;0.20915032679738554;match;"very strong name match; same country; same city"
352;NEWS PUBLICATIONS (PRIVATE) LIMITED;30e85b2a-93e5-11eb-a746-fdabd18be9c6;Educating Youth;Pakistan;Lahore;educatingyouth.net;0.6830409356725147;0.6285714285714286;0.05446950710108611;match;"same country; some industry/text overlap"
353;NEXCOM A/S;4e2b08a3-a477-11ed-8bb2-9375f2c4b1be;Nexcom A/S.;Denmark;Copenhagen;nexcom.dk;1.0;0.47368421052631576;0.5263157894736843;match;"very strong name match; same country; same city; some industry/text overlap"
354;NOITSO A/S;0bc250d0-93e5-11eb-b5f6-816dd10ac7b0;Experian;Denmark;Copenhagen;experian.dk;0.8421052631578947;0.6766917293233083;0.16541353383458635;match;"very strong name match; same country; same city"
355;Nokia Innovations Oy;3d547a04-72bb-11ec-b5ce-b3bda5adefa4;Nokia Foundation;Finland;Espoo;nokiafoundation.com;0.7807017543859649;0.7147368421052631;0.06596491228070178;match;"same country; same city; some industry/text overlap"
356;NOKIA SERVICES AND NETWORKS MALAYSIA SDN. BHD.;74601f29-1afc-11ec-aa0f-ab42aaaa4d70;Nokia Solutions And Networks Sdn Bhd.;Malaysia;Kuala Lumpur;;0.7692307692307693;0.6805438151591998;0.08868695407156946;match;"good name similarity; same country; some industry/text overlap"
357;NOKIA SOLUTIONS AND NETWORKS NORGE AS;5c494e9a-1b04-11ec-b160-7721fd8862eb;Nokia solutions And Networks Norge AS;Norway;Oslo;;0.7526881720430108;0.6633459835547122;0.08934218848829856;match;"very strong name match; same country; some industry/text overlap"
358;Nokia Solutions and Networks Oy;d3b679f6-93e4-11eb-b89f-536884b3e7dd;Nokia Solutions and Networks;Finland;Espoo;nokiasiemensnetworks.com;0.9259589652096343;0.8947368421052632;0.031222123104371113;ambiguous;"very strong name match; same country; same city; some industry/text overlap"
359;NORDEA BANK ABP, FILIAL I NORGE;3cdcf6c0-93e5-11eb-919a-b3f9a5ad205c;Nordea Bank;Norway;Oslo;nordea.no;0.7730123180291153;0.7280701754385964;0.044942142590518874;ambiguous;"same country; same city; some industry/text overlap"
360;NORDIC COMPUTER A/S;affc63f0-0394-11ed-9b1b-6d2c9309a5b2;Nordic Computer;Denmark;Nørresundby;nordiccomputer.com;1.0;0.6424148606811146;0.35758513931888536;match;"very strong name match; same country; same city; some industry/text overlap"
361;NORDIX DATA AS;8449aea3-93e4-11eb-86dd-ffbd1b53140e;Nordix Data;Norway;Tromsø;nordix.no;1.0;0.7035087719298246;0.29649122807017536;match;"very strong name match; same country; same city; some industry/text overlap"
362;DMA Research A/S;79db16ca-93e4-11eb-97db-273ba5953680;DMA International;Denmark;Rødovre Municipality;dma-international.com;0.5732574679943101;0.5457063711911357;0.027551096803174357;ambiguous;same country
363;NORWEGIAN AIR SHUTTLE AS (PS);41857037-93e5-11eb-97db-273ba5953680;Norwegian;Norway;Fornebu;norwegian.com;0.8097165991902834;0.7543859649122807;0.055330634278002666;match;"very strong name match; same country; some industry/text overlap"
364;NOVATARIS A/S;1da9722c-93e5-11eb-86dd-ffbd1b53140e;Novataris;Denmark;Copenhagen;novataris.com;1.0;0.6126855600539811;0.3873144399460189;match;"very strong name match; same country; same city; some industry/text overlap"
365;Ntt (Thailand) Ltd;5212c34c-f8af-11ed-b2ae-8f7420b1f92e;NTT DATA Thailand;Thailand;Bangkok;;0.867816091954023;0.7011494252873562;0.16666666666666674;match;"good name similarity; same country; same city; some industry/text overlap"
366;NTT ASIA PACIFIC HOLDINGS PTE. LIMITED;00d49243-0ec5-11ec-8df7-0b73bdeba2f9;Asur Holdings;Singapore;Singapore;asurholdings.com;0.7876269621421976;0.7864945382323734;0.001132423909824265;ambiguous;"same country; same city"
367;NTT DATA Business Solutions Korlatolt Felelossegu Tarsasag;0af0a050-8b80-11ed-8ab5-9d5cf8400908;Autent Solutions;Hungary;Budapest;autentsolutions.hu;0.8346828609986505;0.787719298245614;0.04696356275303648;ambiguous;"same country; same city"
368;ITELLIGENCE A/S;199a216c-a172-11ef-986c-f747ad1123c9;itelligence AG - SAP Berater - Geschäftsstelle Stuttgart;Germany;Bielefeld;itelligencegroup.com;0.6357758620689655;0.6357758620689655;0.0;ambiguous;"good name similarity; some industry/text overlap"
369;Ntt Malaysia Solutions Sdn. Bhd.;949c9b55-93e4-11eb-8474-3bbe2d07207d;Malaysia Microelectronic Solutions;Malaysia;Petaling Jaya;my-ms.com;0.8805256869772999;0.6766186227407914;0.2039070642365085;match;"same country; same city; some industry/text overlap"
370;Ntt Msc Sdn. Bhd.;e1f8af16-93e4-11eb-91fb-73d498260b10;NTT Heating;Malaysia;Petaling Jaya;ntt.com.my;0.8197343453510436;0.6989247311827956;0.12080961416824798;match;"same country; same city"
371;OCH A/S;730ffb2d-0b27-11ec-b2ab-d99f5193142c;OCH;Denmark;;och.dk;0.7849462365591398;0.784313725490196;0.0006325110689437974;ambiguous;"very strong name match; same country"
372;OK A.M.B.A.;d9669f7b-93e4-11eb-91fb-73d498260b10;OK a.m.b.a;Denmark;Copenhagen;ok.dk;0.6989247311827956;0.6271245230662503;0.0718002081165453;match;"very strong name match; same country"
373;Omd (M) Sdn. Bhd.;a54919b7-93e4-11eb-b4a6-27899be4e45d;OMD World Imaging;Malaysia;Kuala Lumpur;omdworldimaging.com;0.6421052631578947;0.33198380566801616;0.31012145748987857;match;same country
374;OMD AS;c7578028-8aa5-11ec-8962-8b4db591a2d2;OMD Norway;Norway;Oslo;;0.6842105263157895;0.48803827751196177;0.19617224880382772;match;"same country; same city"
375;Media Direction A/S;ac63db81-72e7-11ec-8200-bfd1296681fb;New Media Direction;Denmark;Copenhagen;newmediadirection.dk;0.9398496240601504;0.8413533834586466;0.09849624060150375;match;"good name similarity; same country; same city; some industry/text overlap"
376;OMEGA EXIM LIMITED;1e65962d-93e5-11eb-b5f6-816dd10ac7b0;Omega Exim Limited;Bangladesh;Dhaka;omegaeximltd.com;0.8387096774193548;0.6193548387096773;0.21935483870967742;match;"very strong name match; same country; some industry/text overlap"
377;OMNICOM MEDIA GROUP AS;56287c74-2509-11ec-bde8-71cf682bd51e;Omnicom Media Group AS;Norway;Oslo;;0.8947368421052632;0.5481386392811296;0.34659820282413356;match;"very strong name match; same country; same city; some industry/text overlap"
378;OMNICOM MEDIA GROUP ASIA PACIFIC PTE. LTD.;c1a538ea-8a9a-11ec-a4f2-5511448670fd;Omnicom Media Group Asia Pacific;Singapore;;;0.7555555555555555;0.5911877394636016;0.16436781609195394;match;"very strong name match; same country; some industry/text overlap"
379;ON THE SPOT A/S;e989c982-93e4-11eb-a746-fdabd18be9c6;ON THE SPOT;Denmark;Hvidovre Municipality;onthespot.net;0.8421052631578947;0.8299595141700405;0.012145748987854144;ambiguous;"very strong name match; same country; some industry/text overlap"
380;ONETRUST TECHNOLOGY LIMITED;16e25e63-93e5-11eb-b5f6-816dd10ac7b0;ONETRUST;United Kingdom;London;cookiepedia.co.uk;0.8421052631578947;0.7807017543859649;0.06140350877192979;match;"very strong name match; same country; same city"
381;Oracle Corporation (Thailand) Co Ltd;28c323bf-1b00-11ec-8cde-5bc5ac073f72;Oracle Thailand;Thailand;Bang Rak Subdistrict;;0.7526881720430108;0.6810035842293907;0.07168458781362008;match;"very strong name match; same country; some industry/text overlap"
382;Oracle Corporation Malaysia Sdn. Bhd.;cd9b9c12-1b00-11ec-aa6a-03cd9b476476;Oracle Corporation Sdn. Bhd.;Malaysia;Kuala Lumpur;;0.7726957726957727;0.7628205128205129;0.009875259875259834;ambiguous;"good name similarity; same country; some industry/text overlap"
383;ORACLE DANMARK APS;870eb57e-1b04-11ec-98ad-4b5172a2ed18;Oracle Danmark;Denmark;Gentofte Municipality;;0.8125;0.7642045454545454;0.048295454545454586;ambiguous;"good name similarity; same country; some industry/text overlap"
384;ORACLE NORGE AS;147df165-1b04-11ec-9b02-8dfd4ec6ef01;Oracle Norge AS;Norway;Bærum;;0.8947368421052632;0.6322537112010796;0.2624831309041835;match;"very strong name match; same country; same city; some industry/text overlap"
385;ORACLE SVENSKA AB;9618c304-6ce1-11ed-809b-653634c631b4;Oracle Pet;Sweden;Västerås Kommun;oraclepet.com;0.7650462962962963;0.71875;0.04629629629629628;ambiguous;"same country; some industry/text overlap"
386;Orbis Oy;80ea7e12-93e4-11eb-be3a-7f925cb94351;Worbis;Finland;Vantaa;orbis.fi;1.0;0.7017543859649122;0.29824561403508776;match;"very strong name match; same country; same city; some industry/text overlap"
387;OROGENIC ApS;da01a6ec-93e4-11eb-b4a6-27899be4e45d;Orogenic;Denmark;Vejle;orogenic.dk;1.0;0.5789473684210527;0.42105263157894735;match;"very strong name match; same country; same city; some industry/text overlap"
388;ORRICK, HERRINGTON & SUTCLIFFE (UK) LLP;023aff72-1a0d-11ef-9384-4731bdd44328;Herrington Gate;United Kingdom;East Boldon;herringtongate.design;0.5918367346938777;0.5789473684210527;0.012889366272824998;ambiguous;same country
389;P1 SECURITY;cd85b2eb-93e4-11eb-b5f6-816dd10ac7b0;P1 Security;France;Paris;p1sec.com;0.8947368421052632;0.775623268698061;0.11911357340720219;match;"very strong name match; same country; same city; some industry/text overlap"
390;Paco Casa Co.,Ltd.;6dd0de70-a7a9-11ed-b250-d1c44dcd1aef;PACO CASA a;Thailand;Bangkok;pacocasa.co.th;0.8421052631578947;0.6228070175438596;0.2192982456140351;match;"very strong name match; same country; some industry/text overlap"
391;PAKISTAN INSTITUTE OF NUCLEAR SCIENCE & TECHNOLOGY (PINSTECH);09d8b5fe-ecdb-11ee-96d4-63842c7d9e5f;Pakistan Institute of Nuclear Science & Technology;Pakistan;Islamabad;;0.8771121351766512;0.5436081242532855;0.3335040109233657;match;"very strong name match; same country; same city; some industry/text overlap"
392;PARENT AND FAMILY CONSULTING LIMITED;2f3a8412-93e5-11eb-b89f-536884b3e7dd;Parent Zone;United Kingdom;London;parentzone.org.uk;1.0;0.9210526315789473;0.07894736842105265;match;"very strong name match; same country; same city; some industry/text overlap"
393;PELATRO LIMITED;25f18078-93e5-11eb-8859-29e7c34dee35;Aspects of History;United Kingdom;London;aspectsofhistory.com;0.653763440860215;0.5698924731182795;0.08387096774193548;match;"same country; same city"
394;Varsta Software;c309a60b-27bf-11ef-815c-4d862d07c012;Varsta Petri;Finland;Helsinki;;0.582437275985663;0.5091596973317403;0.0732775786539227;match;"same country; some industry/text overlap"
395;PING IT A/S;424a94f5-93e5-11eb-8474-3bbe2d07207d;Ping IT;Denmark;Svenstrup;pingit.dk;0.8421052631578947;0.518796992481203;0.32330827067669166;match;"very strong name match; same country; some industry/text overlap"
396;Playable ApS;fbe50634-036a-11ec-a72b-432edcbee847;Playable;Denmark;Aarhus;playable.com;1.0;0.885057471264368;0.11494252873563204;match;"very strong name match; same country; same city; some industry/text overlap"
397;PLESNER Advokatpartnerselskab;7c54f062-93e4-11eb-b5f6-816dd10ac7b0;Plesner;Denmark;Copenhagen;plesner.com;0.9736842105263158;0.7368421052631579;0.23684210526315796;match;"very strong name match; same country; same city; some industry/text overlap"
398;PLP INVEST/EJENDOMME A/S;602ace8c-0c5e-11ec-b66a-97ea7481e556;PLP Invest Ejendomme;Denmark;Odense;plp-ejendomme.dk;0.8421052631578947;0.7719298245614036;0.07017543859649111;match;"very strong name match; same country; some industry/text overlap"
399;PLURALSIGHT, LLC;16f3bda9-055e-11ec-912d-93da5cd6dce1;Pluralsight;United States;Draper;tordkalvenes.com;0.8947368421052632;0.8947368421052632;0.0;ambiguous;"very strong name match; same country; same city; some industry/text overlap"
400;PM ENERGI A/S;b529e3a6-93e4-11eb-8859-29e7c34dee35;Pm energi;Denmark;Brønderslev;pmenergi.dk;1.0;0.6927803379416282;0.3072196620583718;match;"very strong name match; same country; same city; some industry/text overlap"
401;Postnord Danmark (B2452);fac6c825-93e4-11eb-86dd-ffbd1b53140e;PostNord;Denmark;Copenhagen;postnord.dk;0.8388983210714959;0.7347670250896057;0.10413129598189019;match;"good name similarity; same country; same city"
402;POSTEN BRING AS;42c3ecf7-1d65-11ee-9df5-e543427f87fa;Posten Bring;Norway;Oslo;postenbring.no;1.0;0.9139784946236559;0.08602150537634412;match;"very strong name match; same country; same city; some industry/text overlap"
403;DATA SCANNING A/S;93cb1a81-93e4-11eb-a746-fdabd18be9c6;Scanning;Denmark;Albertslund Municipality;scanning.dk;0.7431941923774954;0.5984962406015037;0.14469795177599165;match;"good name similarity; same country; some industry/text overlap"
404;PostNord Stralfors AB;f3137fa4-93e4-11eb-be5a-4f810ab55f2e;Strålfors;Sweden;Ljungby;stralfors.se;0.9799498746867169;0.757085020242915;0.22286485444380189;match;"very strong name match; same country; same city; some industry/text overlap"
405;PRICEWATERHOUSECOOPERS STATSAUTORISERET REVISIONSPARTNERSELSKAB;c2d2c772-e602-11ed-aaf1-a9bb6aa25f65;Pricewaterhousecoopers Statsautoriseret Revisionspartnerselskab;Denmark;Odense;;0.7777777777777778;0.7432306255835668;0.034547152194211006;ambiguous;"very strong name match; same country; some industry/text overlap"
406;PRICEWATERHOUSECOOPERS AS;d4239772-8546-11ec-8f98-f9b40efdfe08;PricewaterhouseCoopers Norway;Norway;Oslo;pwcmisconduct.com;0.8661887694145758;0.7208283552369574;0.14536041417761836;match;"good name similarity; same country; same city; some industry/text overlap"
407;PROPAKISTANI SOLUTIONS (PRIVATE) LIMITED;d6682c74-93e4-11eb-919a-b3f9a5ad205c;ProPakistani;Pakistan;;propakistani.pk;0.8216911764705883;0.6966911764705883;0.125;match;"same country; some industry/text overlap"
408;DRAKA NORSK KABEL AS;7d6e00e2-0c9e-11ec-8076-17611444f1f8;Total Coating;Norway;Drammen;totalcoating.no;0.6666666666666666;0.5952672378620971;0.07139942880456951;match;"same country; same city"
409;Publicis Groupe Holdings B.V.;00f0d873-93e5-11eb-8474-3bbe2d07207d;Publicis Groupe;Netherlands;Amsterdam;publicisgroupe.nl;0.8011363636363636;0.7083333333333333;0.09280303030303039;match;"same country; some industry/text overlap"
410;QCC GLOBAL LIMITED;d9f2b2c1-93e4-11eb-a746-fdabd18be9c6;QCC Global;United Kingdom;London;qccglobal.com;0.8421052631578947;0.5789473684210527;0.26315789473684204;match;"very strong name match; same country; some industry/text overlap"
411;QCC INTERSCAN LTD;5a4d70a9-183a-11f0-8286-8d0ea701f907;Interscan Transportation;United Kingdom;Uxbridge;interscanltd.co.uk;0.7655502392344499;0.5951417004048583;0.17040853882959162;match;"good name similarity; same country; some industry/text overlap"
412;QLIKTECH DENMARK ApS;0054d420-11a8-11ec-a2c4-217a4c183987;Birk Denmark;Denmark;Skive Municipality;birkdenmark.com;0.7222222222222222;0.7142857142857143;0.007936507936507908;ambiguous;"good name similarity; same country; some industry/text overlap"
413;QlikTech International Markets AB;6e78222b-9df5-11ef-a80f-179817213e61;QLIKTECH INTERNATIONAL MARKETS AB.;Sweden;Lund;;0.8219178082191781;0.7463391591875295;0.07557864903164868;match;"very strong name match; same country"
414;QlikTech Nordic AB;55862ac9-9d66-11ef-aecb-ed811e9ee609;QLIKTECH INTERNATIONAL AB.;Sweden;Lund;;0.6544424567680382;0.6221719457013576;0.03227051106668066;ambiguous;same country
415;QUALTRICS, LLC;2f88cb22-93e5-11eb-aa66-9b8d95e2171b;Qualtrics;United States;Provo;qualtrics.com;1.0;0.875;0.125;match;"very strong name match; same country; some industry/text overlap"
416;QUESTBACK AS;e6d9287a-93e4-11eb-be3a-7f925cb94351;Questback;Norway;Oslo;questback.com;1.0;0.5084485407066052;0.49155145929339483;match;"very strong name match; same country; same city; some industry/text overlap"
417;Radio Frequency Systems Gesellschaft mit beschrankter Haftung;8da48c93-93e4-11eb-8474-3bbe2d07207d;Radio Frequency Systems GmbH;Germany;Hanover;rfsworld.com;0.7832080200501254;0.6779448621553885;0.10526315789473684;match;"same country; same city; some industry/text overlap"
418;RAJAH & TANN;d107ada1-93e4-11eb-8859-29e7c34dee35;Rajah & Tann;Singapore;Singapore;rajahtannasia.com;1.0;0.7975708502024291;0.20242914979757087;match;"very strong name match; same country; same city; some industry/text overlap"
419;RAPID7 INTERNATIONAL LIMITED;1a62837c-2d2f-11ed-bca0-45d3b4f58bc5;Rapid 7 EMEA Internal Moose;United Kingdom;Camberley;emea-internalmoose-swag.com;0.5582306830907054;0.5263157894736842;0.03191489361702127;ambiguous;"same country; some industry/text overlap"
420;Red Hat Asia Pacific Pte Ltd;9973fa6b-8aae-11ec-be09-3b46a3ec669e;Red Hat Asia Pacific;Singapore;Singapore;;0.8602150537634408;0.7580645161290321;0.10215053763440862;match;"very strong name match; same country; same city"
421;RED HAT LIMITED;08988829-93e5-11eb-91fb-73d498260b10;Red Flare;Ireland;Dublin;redflare.co;0.631578947368421;0.6275303643724697;0.004048582995951344;ambiguous;same country
422;Red Hat Malaysia Sdn. Bhd.;8d744e31-ca8a-11ec-bce4-ef3debe8cbb7;Red Harvest Malaysia;Malaysia;Puchong;redharvestmalaysia.com;0.8636363636363636;0.75;0.11363636363636365;match;"same country; some industry/text overlap"
423;RELOCATION AS;13d6cc27-93e5-11eb-8474-3bbe2d07207d;Relocation;Norway;Stavanger;relocation.no;1.0;0.7706093189964156;0.2293906810035844;match;"very strong name match; same country; same city; some industry/text overlap"
424;RETAIL FOCUS A/S;177157fd-93e5-11eb-b997-8dd98d09cf25;Retail Institute Scandinavia;Denmark;Kongens Lyngby;retailinstitute.dk;0.7631578947368421;0.6754385964912281;0.08771929824561409;match;"same country; same city; some industry/text overlap"
425;REVEALCX LLC;168fa5a3-20d1-11ee-955b-359ace42ebb8;RevealCX Inc.;United States;New York;aiincx.com;0.7368421052631579;0.7368421052631579;0.0;ambiguous;"very strong name match; same country; some industry/text overlap"
426;Rezponz A/S;c8b67a70-c825-11ec-89f7-7594ea00aeb1;Rezponz;Denmark;Aalborg;rezponz.dk;1.0;0.7112010796221323;0.2887989203778677;match;"very strong name match; same country; same city; some industry/text overlap"
427;Rhenus Warehousing Solutions Denmark A/S;11a58013-c50b-11ef-9531-7716dbb12d27;Rhenus Warehousing Solutions;Denmark;Horsens;;0.8204334365325078;0.6925837320574163;0.12784970447509147;match;"good name similarity; same country; same city; some industry/text overlap"
428;RITTAL A/S;83718e53-1b00-11ec-a945-71766a416f0a;Rittal A/S.;Denmark;Vallensbæk Municipality;rittal.dk;1.0;0.5978260869565218;0.40217391304347816;match;"very strong name match; same country; same city; some industry/text overlap"
429;RTTD LTD;b9b2d1d2-9a09-11ec-9faf-49592d66acb7;RTTD;Germany;Osnabrück;rttd.de;0.5555555555555556;0.5;0.05555555555555558;match;"very strong name match; some industry/text overlap"
430;BRINTH & HILLERUP A/S;03a33160-6ce5-11ec-a235-43a77bc58316;WI Industrial Display;Denmark;Aarhus;wiind.org;0.6451612903225806;0.6076412720201326;0.037520018302448;ambiguous;"same country; same city"
431;SAGEMCOM BROADBAND SAS;e3e3b642-93e4-11eb-9937-4fab995bf8ff;Sagemcom;France;Bois-Colombes;sagemcom.com;0.8387096774193548;0.553763440860215;0.28494623655913975;match;"very strong name match; same country; some industry/text overlap"
432;SAILPOINT TECHNOLOGIES, INC.;1c3ff701-93e5-11eb-97db-273ba5953680;SailPoint;United States;Austin;sailpoint.com;1.0;0.9375;0.0625;match;"very strong name match; same country; some industry/text overlap"
433;SALESFORCE UK LIMITED;f69664d0-93e4-11eb-8e19-198fb02d6f96;independent SalesForce;United Kingdom;Ormskirk;independentsalesforce.co.uk;0.6616541353383458;0.624561403508772;0.037092731829573844;ambiguous;"same country; some industry/text overlap"
434;SALESFORCE.COM SINGAPORE PTE. LTD.;01bc3341-6a03-11ec-ab63-87914d0623be;LIVING OAKS;Singapore;Singapore;livingoaks.sg;0.6729323308270676;0.6027568922305764;0.07017543859649122;match;"same country; same city; some industry/text overlap"
435;Salling Group Forsikring A/S;893b17fe-93e4-11eb-8859-29e7c34dee35;Salling Group;Denmark;Brabrand;sallinggroup.com;0.7216374269005847;0.6003423192126658;0.12129510768791896;match;"good name similarity; same country; some industry/text overlap"
436;Saluran Cekap (M) Sdn. Bhd.;b1e580a1-583d-11ec-91ee-edc6c109839b;Saluran Cekap M Sdn Bhd.;Malaysia;Ampang Jaya;;0.7526881720430108;0.7353995361585494;0.01728863588446139;ambiguous;"very strong name match; same country; some industry/text overlap"
437;SAMSUNG ELECTRONICS NORDIC AKTIEBOLAG;2d6323ad-1afe-11ec-be37-19557aad561c;Samsung Electronics Nordic AB.;Sweden;Stockholms Kommun;;0.8305422647527911;0.48403796376186375;0.3465043009909274;match;"good name similarity; same country; same city; some industry/text overlap"
438;SANVARU TECHNOLOGY LIMITED;425606ac-93e5-11eb-919a-b3f9a5ad205c;Sanvaru Technology;India;Sonipat;sanvaru.com;1.0;0.6691729323308271;0.3308270676691729;match;"very strong name match; same country; same city; some industry/text overlap"
439;SAP DANMARK A/S;9c25ed98-93e4-11eb-8474-3bbe2d07207d;Invoicery;Denmark;Copenhagen;invoicery.dk;0.8362573099415205;0.7473684210526316;0.0888888888888889;match;"same country; same city; some industry/text overlap"
440;SAS INSTITUTE AS;0313df85-93e5-11eb-8474-3bbe2d07207d;Hoegheiendom;Norway;Oslo;hoegheiendom.no;0.6842105263157895;0.6179337231968811;0.06627680311890838;match;"same country; same city"
441;SAVILLE CONSULTING DANMARK A/S;1930e241-93e5-11eb-b5f6-816dd10ac7b0;Saville Consulting Danmark;Denmark;Rudersdal Municipality;savilleconsulting.dk;1.0;0.7098515519568152;0.29014844804318485;match;"very strong name match; same country; same city; some industry/text overlap"
442;SCHNEIDER ELECTRIC DANMARK A/S;0252d979-93e5-11eb-8859-29e7c34dee35;Schneider Electric Denmark A/S.;Denmark;;studiecd.dk;0.7282608695652175;0.6865317341329336;0.04172913543228396;ambiguous;"very strong name match; same country; some industry/text overlap"
443;Scrive AB;ac84e842-93e4-11eb-919a-b3f9a5ad205c;Scrive;Sweden;Stockholm;scrive.com;1.0;0.6266666666666667;0.3733333333333333;match;"very strong name match; same country; some industry/text overlap"
444;ServiceNow Nederland B.V.;77842e7a-93e4-11eb-8474-3bbe2d07207d;ServiceNow BV.;Netherlands;Amsterdam;servicenow.nl;0.7476780185758515;0.7028241335044929;0.04485388507135857;ambiguous;"same country; same city; some industry/text overlap"
445;SFDC IRELAND LIMITED;16a72a26-93e5-11eb-b5f6-816dd10ac7b0;SFDC;United States;Alexandria;sfdc.org;0.34210526315789475;0.34210526315789475;0.0;no_match;some industry/text overlap
446;SHANDONG SACRED SUN POWER SOURCES CO., LTD;19b665f0-93e5-11eb-a736-0f5b20ecb2f1;Sacred Sun;China;Lucheng;sacredsun.com;0.8421052631578947;0.618421052631579;0.2236842105263157;match;"very strong name match; same country; some industry/text overlap"
447;SHENZHEN CENTER POWER TECH. CO., LTD.;026af55b-93e5-11eb-8ad6-7326edce8d21;Shenzhen SMACH POWER Technology Co. Ltd.;China;Shenzhen;smachpower.com;0.8760387811634349;0.868421052631579;0.0076177285318559385;ambiguous;"same country; same city; some industry/text overlap"
448;Shenzhen Huaptec Co., Ltd;0020c3c2-6d19-11ec-89a3-d7e781f18621;HST Electronic;China;Shenzhen;hst-keyfinder.com;0.771578947368421;0.7080200501253133;0.0635588972431077;match;"same country; same city; some industry/text overlap"
449;Shenzhen Sdmc Technology Co., Ltd;83d0637d-e5e0-11ec-bc14-1101693c4049;XMediaCloud;China;Shenzhen;xmediacloud.com;0.8913043478260869;0.8090858416945373;0.08221850613154957;match;"very strong name match; same country; same city; some industry/text overlap"
450;SHENZHEN SKYWORTH DIGITAL TECHNOLOGY CO., LTD.;9b5c0de3-93e4-11eb-8ad6-7326edce8d21;SKYWORTH;China;Shenzhen;skyworth.com;0.8655913978494624;0.7606231377121389;0.10496826013732352;match;"good name similarity; same country; same city; some industry/text overlap"
451;SHIELDS ENVIRONMENTAL GROUP LTD;2c92a3fa-796c-11ed-9abd-874b38645ac9;Sapphire Steel;United Kingdom;South Ockendon;sapphiresteel.co.uk;0.6622032866707241;0.6415770609318995;0.020626225738824666;ambiguous;"same country; same city"
452;Shuangdeng Group Co., Ltd.;2f5615e0-0d48-11ec-baff-b3f7938105ab;Shuangdeng Group;China;Taizhou;shuangdeng.com.cn;0.9301075268817204;0.8466160657811511;0.08349146110056926;match;"very strong name match; same country; same city; some industry/text overlap"
453;Siae Microelettronica Sdn. Bhd.;13b510b2-6cd5-11ec-a7ce-97f401b36f3f;Cube-Coms;Malaysia;Subang Jaya;cube-coms.com;0.5894428152492668;0.5084485407066052;0.08099427454266162;match;same country
454;Siae-microelettronica - S.p.a.;1d3ad1c3-93e5-11eb-a746-fdabd18be9c6;SIAE MICROELETTRONICA;Italy;Cologno Monzese;siaemic.com;0.8387096774193548;0.7001194743130227;0.13859020310633208;match;"very strong name match; same country; some industry/text overlap"
455;Sievo Oy;a823b0f3-93e4-11eb-aa66-9b8d95e2171b;Sievo Bucharest Office;Finland;Helsinki;sievo.com;1.0;0.4853801169590643;0.5146198830409356;match;"very strong name match; same country; same city; some industry/text overlap"
456;SIGNICAT AS;7f321fd7-93e4-11eb-8859-29e7c34dee35;Kantega;Norway;Oslo;kantega.no;0.775623268698061;0.5789473684210527;0.19667590027700832;match;"good name similarity; same country; some industry/text overlap"
457;SILLEHOVED ApS;ab1c21c0-f8b5-11ed-a8b3-7b4d48a6e9d9;Sillehoved;Denmark;Odsherred Municipality;;0.8422939068100358;0.6754281162883312;0.16686579052170458;match;"good name similarity; same country; same city; some industry/text overlap"
458;SINGTEL GLOBAL INVESTMENT PTE. LTD.;0cb473fa-f6e1-11ec-a34e-db0bb32b96ad;Robo Global Investment;Singapore;Singapore;roboglobal.info;0.88141538930832;0.7156511350059737;0.16576425430234631;match;"good name similarity; same country; same city; some industry/text overlap"
459;SiPM;e686749e-93e4-11eb-86dd-ffbd1b53140e;School of Indian Percussion and Music;United States;Cedar Park;austinsipm.org;0.5789473684210527;0.5789473684210527;0.0;ambiguous;"very strong name match; some industry/text overlap"
460;Skillpower Services (Thailand) Co Ltd;008d406a-0e12-11ec-b4c9-d16f1d69042b;Softvision;Thailand;Yan Nawa District;softvisiononline.com;0.6989843028624193;0.6469745793054065;0.05200972355701283;match;"same country; same city"
461;SKYCALL AS;8a5c3f6b-93e4-11eb-be3a-7f925cb94351;Skycall AS;Norway;Bærum;skycallas.no;1.0;0.5046439628482972;0.49535603715170284;match;"very strong name match; same country; same city; some industry/text overlap"
462;Smart Media4U Technology Pte. Ltd.;c0d2889e-ce72-11ed-a907-57a65e0d2603;Smart Modular;Singapore;Singapore;smartmodular.sg;0.9122807017543861;0.8982456140350877;0.0140350877192984;ambiguous;"good name similarity; same country; same city; some industry/text overlap"
463;SMART TECHNOLOGIES (BD) LIMITED;16a46b07-93e5-11eb-aa66-9b8d95e2171b;Smart Technologies BD Ltd. Store Room;Bangladesh;Dhaka;smartbd.com;0.9126117179741808;0.8779904306220094;0.034621287352171404;ambiguous;"good name similarity; same country; same city; some industry/text overlap"
464;Smartly.io Holding Inc;02ae3007-0b07-11ed-9b0c-2b52bdce42f8;Ekman Holding Oy.;Finland;Lappeenranta;ekmanholding.fi;0.5897832817337462;0.5864661654135338;0.0033171163202123655;ambiguous;"same country; some industry/text overlap"
465;SNOW SOFTWARE AB;d7fdc096-93e4-11eb-86dd-ffbd1b53140e;SNOW SOFTWARE;Sweden;Stockholm;snowsoftware.com;1.0;0.8135775862068966;0.18642241379310343;match;"very strong name match; same country; some industry/text overlap"
466;Snow Software ApS;5516dd90-aaf0-11ef-baa5-b1d00e182d98;Snow Software ApS.;Denmark;;snow-software.cc;0.8421052631578947;0.6842105263157895;0.1578947368421052;match;"very strong name match; same country; some industry/text overlap"
467;SNOW AS;b4e8976a-1184-11ec-8bef-4988316d3539;Snow Stock;Norway;Kongsberg;snowstock.no;0.7182662538699691;0.6466165413533834;0.0716497125165857;match;"same country; some industry/text overlap"
468;SoftwareONE Co., Ltd.;c7690ff8-93e4-11eb-8859-29e7c34dee35;Comparex;Germany;Leipzig;softwareone.com;0.5789473684210527;0.5263157894736842;0.052631578947368474;match;"very strong name match; some industry/text overlap"
469;SOFTWAREONE NORWAY AS;ca236fc9-1b01-11ec-893d-41807d3de292;SoftwareONE Norge AS;Norway;Oslo;;0.848493543758967;0.7285067873303168;0.1199867564286502;match;"good name similarity; same country; same city; some industry/text overlap"
470;SOFTWAREONE PTE. LTD.;c7690ff8-93e4-11eb-8859-29e7c34dee35;Comparex;Germany;Leipzig;softwareone.com;0.5789473684210527;0.5263157894736842;0.052631578947368474;match;"very strong name match; some industry/text overlap"
471;SONY MOBILE COMMUNICATIONS AB;29efa902-051f-11ec-9d56-b3ef14229486;Mobile Communications Thesaurus;Sweden;Stockholm;mcab.se;0.7263157894736841;0.6491228070175438;0.07719298245614037;match;"good name similarity; same country; some industry/text overlap"
472;South Pole Sweden AB;2c51a7ea-d88d-11ec-8458-930fb706770a;South Pole;Sweden;Stockholm;;0.7543859649122806;0.7527910685805422;0.0015948963317383713;ambiguous;"same country; same city; some industry/text overlap"
473;Southern Cable Sdn. Bhd.;04ec320a-18fe-11f0-b4d0-096f959c77d2;Southern Nine Sdn. Bhd.;Malaysia;Sungai Petani;southernnine.com;0.7472460220318238;0.6754385964912281;0.07180742554059572;match;"good name similarity; same country; some industry/text overlap"
474;Splunk Inc.;dc3d014e-25aa-11ef-84bb-3b7d91468c81;Splunk;United States;State College;support.splunk.psu.edu;1.0;1.0;0.0;ambiguous;"very strong name match; same country; some industry/text overlap"
475;SPORTS STAR INTERNATIONAL (PRIVATE) LTD.;007eda62-8564-11ec-9b7f-9d9adf6863c0;Fine Sports International;Pakistan;Sialkot;finesportsintl.com;0.8760683760683761;0.8351648351648352;0.04090354090354087;ambiguous;"good name similarity; same country; some industry/text overlap"
476;SQUARETRADE EUROPE LIMITED;b1d944b6-c3f6-11ec-873d-a99e5f4b7980;Square Trade;United Kingdom;London;squaretrade.eu;0.574712643678161;0.5172413793103449;0.05747126436781613;match;"very strong name match; some industry/text overlap"
477;SQUARETRADE LIMITED;2c43d957-93e5-11eb-8474-3bbe2d07207d;SquareTrade;United Kingdom;London;squaretrade.uk;1.0;1.0;0.0;ambiguous;"very strong name match; same country; same city; some industry/text overlap"
478;Starcom FZ-LLC;715a75a2-08e9-11ee-ae0e-4f53274d777f;Starcominfo;United Arab Emirates;Dubai;starcominfo.com;0.8809523809523809;0.8200000000000001;0.06095238095238087;match;"good name similarity; same country; some industry/text overlap"
479;STARSEED TECHNOLOGIES (S) PTE. LTD.;8b94232d-93e4-11eb-be5a-4f810ab55f2e;StarSeed;Singapore;;starseed.com.sg;0.8464646464646465;0.7777777777777778;0.06868686868686869;match;"very strong name match; same country; some industry/text overlap"
480;Stena Recycling Holding AB;05cf9ef0-f8c2-11ed-a4de-7df22657eaf0;Stena Recycling AB - Tingstad;Sweden;Gothenburg;;0.8649648538660747;0.7183600713012478;0.1466047825648269;match;"good name similarity; same country; same city; some industry/text overlap"
481;STORM COMMUNICATIONS AS;778a3f93-f35c-11ee-a2cf-e34c0e809adb;Storm Communications;Norway;Oslo;stormhuset.no;0.9569892473118279;0.7662570404505888;0.19073220686123904;match;"very strong name match; same country; same city; some industry/text overlap"
482;SUBEX (ASIA PACIFIC) PTE. LIMITED;c98e8805-93e4-11eb-8e19-198fb02d6f96;Subex;India;Bengaluru;subex.com;0.6458333333333334;0.3680555555555555;0.27777777777777785;match;very strong name match
483;SUBEX (UK) LIMITED;c98e8805-93e4-11eb-8e19-198fb02d6f96;Subex;India;Bengaluru;subex.com;0.5978260869565218;0.4974916387959866;0.10033444816053522;match;"very strong name match; some industry/text overlap"
484;Sutera Utama Sdn. Bhd.;43f5c0a1-a7e2-11ed-9443-77059af26349;Sutera Utama Sdn. Bhd.;Malaysia;Plentong;sutera.my;0.7916666666666666;0.717687074829932;0.07397959183673464;match;"very strong name match; same country; some industry/text overlap"
485;Swichtec Power Systems Sdn. Bhd.;324b1f73-93e5-11eb-8859-29e7c34dee35;Swichtec Power Systems;Malaysia;Shah Alam;swichtec.com.my;1.0;0.8385964912280702;0.16140350877192977;match;"very strong name match; same country; same city; some industry/text overlap"
486;Syarikat Takaful Malaysia Keluarga Berhad;eb329782-93e4-11eb-a736-0f5b20ecb2f1;TAKAFUL MALAYSIA;Malaysia;Kuala Lumpur;takaful-malaysia.com.my;0.9784946236559141;0.9047619047619049;0.07373271889400923;match;"very strong name match; same country; same city; some industry/text overlap"
487;SYNIVERSE COMMUNICATIONS, LLC;84e29359-93e4-11eb-a33a-a3dfba582839;Syniverse;United States;Tampa;syniverse.com;0.8357963875205255;0.5416972364881391;0.2940991510323865;match;"same country; same city; some industry/text overlap"
488;Systems Limited;c5d06e91-93e4-11eb-a736-0f5b20ecb2f1;Techvista Systems;Pakistan;Lahore;systemsltd.com;0.8387096774193548;0.7431302270011946;0.09557945041816018;match;"very strong name match; same country; some industry/text overlap"
489;Systemteknik af 2021 A/S;deb26554-12fa-11ec-bc86-59f7750beb34;System Teknik;Denmark;Rudersdal Municipality;system-teknik.dk;0.6415362731152205;0.6334928229665071;0.008043450148713438;ambiguous;same country
490;T/A POL AS;389f973e-01ee-11ec-8b61-35bce24791d3;POL;Norway;Oslo;pol.no;0.7051282051282052;0.6481481481481481;0.05698005698005704;match;"same country; same city"
491;TALEND SINGAPORE PTE. LTD.;00cfe2f8-93e5-11eb-b997-8dd98d09cf25;Reed Tan Digital;Singapore;Singapore;reedtan.com;0.631578947368421;0.5526315789473685;0.07894736842105254;match;"same country; same city; some industry/text overlap"
492;Talend Sweden AB;4ccb39c7-c026-11ec-9880-5b9f9a6d0d58;Talend sa.;Sweden;Gothenburg;investerarpengarskpj.web.app;0.5088932806324111;0.3730237154150198;0.13586956521739135;match;same country
493;Talentech ApS;14426861-22ee-11ec-9e3b-1143ee662a91;Talentech Denmark;Denmark;Copenhagen;talentech.dk;0.8350877192982457;0.6112054329371817;0.223882286361064;match;"same country; same city; some industry/text overlap"
494;TAMPNET AS;ef6e1e50-93e4-11eb-8ad6-7326edce8d21;Tampnet AS;Norway;Stavanger;tampnet.com;1.0;0.6385964912280702;0.36140350877192984;match;"very strong name match; same country; same city; some industry/text overlap"
495;Tata Communications International Pte. Ltd.;2b145a02-93e5-11eb-8859-29e7c34dee35;TATA COMMUNICATIONS DIGO;Singapore;;tatacommunications-ts.com;0.7921146953405017;0.7575481440981713;0.034566551242330434;ambiguous;"very strong name match; same country; some industry/text overlap"
496;TATA COMMUNICATIONS INTERNATIONAL PTE. LTD.;2b145a02-93e5-11eb-8859-29e7c34dee35;TATA COMMUNICATIONS DIGO;Singapore;;tatacommunications-ts.com;0.8152173913043479;0.5797101449275363;0.23550724637681164;match;"very strong name match; same country; some industry/text overlap"
497;TATA CONSULTANCY SERVICES LIMITED, FILIAL AF TATA CONSULTANCY SERVICES LTD.,INDIEN;f875b097-bf89-11ec-a505-d94087b31ae6;TATA SKO;Denmark;Copenhagen;tatasko.dk;0.5138504155124654;0.31064073226544625;0.2032096832470191;match;"same country; same city"
498;TATA CONSULTANCY SERVICES SVERIGE AB;00fa4e59-93e5-11eb-9937-4fab995bf8ff;Tata tak;Sweden;Helsingborgs Kommun;tatatak.se;0.7978078358208955;0.6051136363636364;0.19269419945725919;match;"same country; some industry/text overlap"
499;TCT MOBILE INTERNATIONAL LTD.;bfd2a03d-25a1-11ef-9c00-eb076db19bab;TCT Asia;Hong Kong;Hong Kong Island;tct-electronics.com;0.6842105263157895;0.5870445344129555;0.09716599190283404;match;"same country; same city"
500;TD SYNNEX Denmark ApS;00e95dd3-03c4-11ec-866d-75f684b48576;Midtjysk Hundecenter;Denmark;Viborg Municipality;midtjysk-hundecenter.dk;0.696405648267009;0.6069609507640067;0.08944469750300232;match;"same country; same city; some industry/text overlap"
501;TEALIUM INC.;e99d2a75-93e4-11eb-9937-4fab995bf8ff;TEALIUM;United States;San Diego;tealium.com;1.0;1.0;0.0;ambiguous;"very strong name match; same country; same city; some industry/text overlap"
502;TEAM INTERNATIONAL SERVICES, INC.;2d63c842-93e5-11eb-b997-8dd98d09cf25;TEAM International;United States;Lake Mary;teaminternational.com;1.0;0.7017543859649124;0.29824561403508765;match;"very strong name match; same country; same city; some industry/text overlap"
503;TECH MAHINDRA (THAILAND) COMPANY LIMITED;30311916-93e5-11eb-8474-3bbe2d07207d;Vigotext;Thailand;Pak Kret District;vigotext.com;0.8096846846846847;0.7833333333333333;0.02635135135135136;ambiguous;same country
504;Tech Mahindra Ict Services (Malaysia) Sdn. Bhd.;00eac49f-918f-11ed-8cca-6b54a7dd36ad;MyDialysis;Malaysia;Cyberjaya;mydialysis.com.my;0.7364864864864865;0.7119487908961594;0.024537695590327147;ambiguous;"same country; same city; some industry/text overlap"
505;Tecnotree Oyj;bd9ea750-93e4-11eb-be5a-4f810ab55f2e;Tecnotree;Finland;Espoo;tecnotree.com;1.0;0.5294117647058824;0.47058823529411764;match;"very strong name match; same country; same city; some industry/text overlap"
506;TELECOM EQUIPMENT PTE LTD;04a78940-19a9-11ee-aec0-a1af3c434505;Telecom Equipment Pte Ltd.;Singapore;Singapore;;0.9139784946236559;0.7506488691138301;0.16332962550982577;match;"very strong name match; same country; same city; some industry/text overlap"
507;Telekom Malaysia Berhad;19c2e92e-93e5-11eb-9937-4fab995bf8ff;Telekom Malaysia;Malaysia;Cyberjaya;tm.com.my;0.8387096774193548;0.83205325140809;0.0066564260112647045;ambiguous;"very strong name match; same country; some industry/text overlap"
508;TELENOR SHARED SERVICES DENMARK A/S;bb9fa300-93e4-11eb-a33a-a3dfba582839;Telenor;Denmark;Aalborg;telenor.dk;0.8184210526315789;0.7019852262234533;0.11643582640812566;match;"same country; same city; some industry/text overlap"
509;TELENOR ASA;18792b00-93e5-11eb-8859-29e7c34dee35;Telenor;Norway;Bærum;telenor.com;1.0;0.5632183908045978;0.4367816091954022;match;"very strong name match; same country; same city; some industry/text overlap"
510;TELENOR BROADCAST HOLDING AS;342de933-93e5-11eb-9937-4fab995bf8ff;Telenor Satellite;Norway;Bærum;spacenorway.com;0.8771929824561404;0.6450742240215925;0.23211875843454788;match;"very strong name match; same country; same city; some industry/text overlap"
511;Telenor Connexion AB;060fe172-93e5-11eb-aa66-9b8d95e2171b;Telenor;Sweden;Solna;telenor.se;0.8355263157894737;0.8343125734430082;0.0012137423464654296;ambiguous;"same country; same city; some industry/text overlap"
512;TELENOR D.O.O. BEOGRAD;9ca9c0c6-aa7c-11ec-a638-89115c56d9b3;Yettel;Serbia;Belgrade;yettel.rs;0.7509803921568627;0.6281045751633987;0.12287581699346406;match;"good name similarity; same country; same city"
513;TELENOR DANMARK HOLDING A/S;bb9fa300-93e4-11eb-a33a-a3dfba582839;Telenor;Denmark;Aalborg;telenor.dk;0.6666666666666666;0.5838596491228071;0.08280701754385955;match;same country
514;TELENOR DIGITAL AS;0e5f5346-ef74-11ee-a589-df5b398caaa4;Telenor Towers;Norway;Bærum;telenortowers.com;0.7774887270204647;0.7437275985663081;0.033761128454156575;ambiguous;"same country; same city; some industry/text overlap"
515;TELENOR FIBER AS;0e5f5346-ef74-11ee-a589-df5b398caaa4;Telenor Towers;Norway;Bærum;telenortowers.com;0.8531701890989989;0.8387096774193548;0.014460511679644128;ambiguous;"good name similarity; same country; same city; some industry/text overlap"
516;TELENOR GLOBAL SHARED SERVICES PAKISTAN (PRIVATE) LIMITED;05d82fa0-93e5-11eb-8474-3bbe2d07207d;Environmental Services Pakistan;Pakistan;;espak.com.pk;0.6661654135338345;0.623391812865497;0.042773600668337464;ambiguous;same country
517;TELENOR GO PTE. LTD.;f8dd5135-0c43-11ee-b94f-ebf23e82ffaf;Telenor Asia;Singapore;Singapore;telenorasia.com;0.8851674641148326;0.7288676236044657;0.15629984051036694;match;"same country; same city; some industry/text overlap"
518;TELENOR LDI COMMUNICATIONS (PVT.) LIMITED;00d19d70-5e13-11ef-904a-b5358eb47b36;Telenor Franchise Brainz Communication;Pakistan;;;0.6558485463150778;0.6123301985370951;0.04351834777798269;ambiguous;"same country; some industry/text overlap"
519;TELENOR GLOBAL SERVICES AS;d4d3de9b-2d28-11ed-abd0-cb4d1b9ef28b;Telenor Linx;Norway;Bærum;telenorlinx.com;0.942652329749104;0.8370229812355049;0.10562934851359906;match;"very strong name match; same country; same city; some industry/text overlap"
520;Telenor Magyarorszag Zrt.;b00e334a-bfb1-11ec-b414-e9c9ba937bb9;Yettel Hungary;Hungary;Törökbálint;yettel.hu;0.893057110862262;0.7894736842105263;0.1035834266517357;match;"good name similarity; same country; same city; some industry/text overlap"
521;TELENOR NORGE AS;f78e0b4a-93e4-11eb-9937-4fab995bf8ff;Telenor Norges;Norway;Bærum;telenor.no;1.0;0.9124953652206155;0.08750463477938453;match;"very strong name match; same country; same city; some industry/text overlap"
522;TELENOR PAKISTAN;b69c114f-93e4-11eb-b4a6-27899be4e45d;Telenor Pakistan;Pakistan;Islamabad;telenor.com.pk;1.0;0.6626069782751809;0.3373930217248191;match;"very strong name match; same country; same city; some industry/text overlap"
523;TELENOR PROCUREMENT COMPANY PTE. LTD.;f8dd5135-0c43-11ee-b94f-ebf23e82ffaf;Telenor Asia;Singapore;Singapore;telenorasia.com;0.7173174872665534;0.68796992481203;0.029347562454523413;ambiguous;"same country; same city; some industry/text overlap"
524;TELENOR REAL ESTATE AS;18792b00-93e5-11eb-8859-29e7c34dee35;Telenor;Norway;Bærum;telenor.com;0.7990430622009569;0.7910685805422647;0.00797448165869219;ambiguous;"same country; same city"
525;Telenor Shared Services AS;d4d3de9b-2d28-11ed-abd0-cb4d1b9ef28b;Telenor Linx;Norway;Bærum;telenorlinx.com;0.8313090418353576;0.8028895768833849;0.028419464951972673;ambiguous;"good name similarity; same country; same city; some industry/text overlap"
526;TELENOR SOFTWARE LAB AS;dbe2248f-aba6-11ef-b6d6-0b609ebb973a;Telenor Software Lab AS TSL;Norway;Bærum;minepapir.no;0.8653610771113831;0.5413533834586466;0.3240076936527365;match;"very strong name match; same country; same city; some industry/text overlap"
527;TELENOR SVALBARD AS;474357e4-17e8-11ec-b872-5febabff3ecb;Svalbard;Norway;Oslo;svalbard.money;0.7650462962962963;0.7582236842105263;0.006822612085769952;ambiguous;"same country; some industry/text overlap"
528;TELETEAMET A/S;a84b4151-0da2-11ec-9b20-fda7bd57cf2c;Teleteamet A/S.;Denmark;Odense;teleteamet.dk;0.8421052631578947;0.6558704453441295;0.18623481781376516;match;"very strong name match; same country; some industry/text overlap"
529;Teliti Teknik Sdn Bhd;bdf9ef01-b77a-11ed-be56-5737ab22b0ef;TELITI TEKNIK;Malaysia;Sungai Buloh;telititeknik.com.my;0.8229665071770335;0.7271468144044322;0.09581969277260127;match;"very strong name match; same country; some industry/text overlap"
530;Textilia Group A/S;82f1b671-106e-11ee-96a3-3bc9ea359402;Textilia;Denmark;Ballerup;textilia.dk;0.7956989247311828;0.6826706676669168;0.113028257064266;match;"very strong name match; same country; some industry/text overlap"
531;Thailife Insurance Public Company Limited;22d880ae-93e5-11eb-8e19-198fb02d6f96;Thai Life Insurance;Thailand;Bangkok;thailife.com;0.9614937518163323;0.7571926765475152;0.20430107526881713;match;"very strong name match; same country; same city; some industry/text overlap"
532;SETEC CARD A/S;82128359-93e4-11eb-b997-8dd98d09cf25;SE-TEC;Turkey;Yenimahalle;se-tec.net;0.37320574162679426;0.36388384754990927;0.009321894076884996;no_match;selected as highest scoring candidate, but evidence is weak
533;GEMALTO NORGE AS;88ebf1ce-3a02-11ee-94b5-fd90c5a93d00;Gemalto Norge AS;Norway;Oslo;;0.9058823529411765;0.34858387799564267;0.5572984749455339;match;"very strong name match; same country; same city; some industry/text overlap"
534;Thales DIS Sweden AB;e8e0b291-0646-11ec-b316-c9464638b67c;THALES FILM & TEATER;Sweden;Simrishamn;thales.se;0.6576117713638936;0.6137178233952426;0.04389394796865098;ambiguous;"same country; some industry/text overlap"
535;TIETOEVRY NORWAY AS;11570751-0278-11ec-b86b-d964192c6164;Tietoevry Wearables;Norway;Mo I Rana;evrywear.no;0.6828254847645429;0.6578947368421053;0.024930747922437546;ambiguous;"same country; some industry/text overlap"
536;TIETOEVRY TECH SERVICES NORWAY AS;8dfb5f3d-93e4-11eb-a33a-a3dfba582839;Negotia;Norway;Bærum;negotiaevry.org;0.6118279569892472;0.5998759305210917;0.011952026468155519;ambiguous;"same country; same city; some industry/text overlap"
537;TINEX GROUP AS;e8cae664-93e4-11eb-b89f-536884b3e7dd;TINEX Group;Norway;Oslo;tinexgroup.no;1.0;0.8588516746411484;0.14114832535885158;match;"very strong name match; same country; same city; some industry/text overlap"
538;Tm Technology Services Sdn. Bhd.;2fc4267e-93e5-11eb-b4a6-27899be4e45d;TM One;Malaysia;Kuala Lumpur;tmone.com.my;1.0;0.7631578947368421;0.23684210526315785;match;"very strong name match; same country; same city; some industry/text overlap"
539;Tongyu Communication Inc.;b41391a2-93e4-11eb-97db-273ba5953680;Tongyu communication;China;Zhongshan;tycc.cn;0.8387096774193548;0.7956989247311828;0.043010752688172005;ambiguous;"very strong name match; same country; some industry/text overlap"
540;Tp Link International Ltd.;9b456c4c-6524-11ee-a195-0fabad2ce190;LINK KYC;Hong Kong;Hong Kong Island;linkkyc.com;0.7834008097165992;0.7396121883656509;0.0437886213509483;ambiguous;"very strong name match; same country; some industry/text overlap"
541;TPM DATA ApS;788b4cf2-12d2-11ec-bfad-038a558ba064;Sundhed akupunktur;Denmark;Smørumnedre;sundhed-akupunktur.dk;0.6385964912280702;0.6124401913875598;0.026156299840510377;ambiguous;"same country; same city"
542;Tradium, Erhvervsskole og - gymnasier, Randers S/I;ac3604e6-93e4-11eb-be3a-7f925cb94351;Tradium;Denmark;Randers;tradium.dk;0.7327640733712839;0.7027649769585252;0.029999096412758663;ambiguous;"same country; same city; some industry/text overlap"
543;TRANSMODE SYSTEMS AB;7422ed1e-5e29-11ef-90a8-8b966e020cd1;TRANSMODE SYSTEMS AB.;Sweden;Stockholm;;0.8421052631578947;0.7876588021778584;0.05444646098003625;match;"very strong name match; same country; same city"
544;TREND MICRO (SINGAPORE) PTE. LTD.;7f4688c8-ad32-11ef-8c9e-31c2725f601c;Touch of Trend Singapore;Singapore;Singapore;totbridal.sg;0.8333333333333333;0.6888888888888889;0.14444444444444438;match;"same country; same city; some industry/text overlap"
545;Trifork A/S;0bbb730a-93e5-11eb-be3a-7f925cb94351;Trifork Academy;Denmark;Aarhus;triforkacademy.dk;1.0;0.7198641765704584;0.2801358234295416;match;"very strong name match; same country; same city; some industry/text overlap"
546;True Move H Universal Communication Co Ltd;4c667ccb-13c6-11ec-9836-ef7b0600cc53;True Move H Universal Communication Company Limited;Thailand;Khon Kaen;truemove-h.com;0.7956989247311828;0.5497896213183731;0.2459093034128097;match;"very strong name match; same country; some industry/text overlap"
547;TRUSTZONE A/S;8b944a32-93e4-11eb-86dd-ffbd1b53140e;TRUSTZONE;Denmark;Copenhagen;trustzone.com;1.0;0.5847826086956522;0.41521739130434776;match;"very strong name match; same country; same city; some industry/text overlap"
548;TT DOTCOM SDN. BHD.;2c4c8ce3-12ce-11ec-b275-635f962c0ee7;INIAGA;Malaysia;Cyberjaya;iniaga.com;0.7534626038781164;0.7098150782361309;0.043647525641985485;ambiguous;"good name similarity; same country; some industry/text overlap"
549;TT-NETVAERKET P/S;f1ca36c3-93e4-11eb-9937-4fab995bf8ff;TT Network;Denmark;Copenhagen;tt-network.dk;0.9090909090909092;0.6592797783933518;0.24981113069755734;match;"very strong name match; same country; same city"
550;TUTELA TECHNOLOGIES LTD.;c5b76852-93e4-11eb-be3a-7f925cb94351;Tutela;Canada;Victoria;tutela.com;0.7467391304347827;0.6394927536231884;0.10724637681159432;match;"same country; same city; some industry/text overlap"
551;TXO SYSTEMS LTD;a4e5eb10-93e4-11eb-be3a-7f925cb94351;TXO Systems;United Kingdom;Chepstow;txo.com;1.0;0.8470588235294118;0.15294117647058825;match;"very strong name match; same country; same city; some industry/text overlap"
552;UIPATH SRL;fbd80a51-3243-11ec-9985-d11c4bd35db5;UiPath Foundation;Romania;Bucharest;uipathfoundation.com;1.0;0.7732793522267207;0.22672064777327927;match;"very strong name match; same country; same city; some industry/text overlap"
553;Unit Trust Of Pakistan;000a16f1-de4e-11ed-a204-01928eda0b9b;Uniteam;Pakistan;Saddar Town;uniteam.com.pk;0.7400318979266348;0.65015479876161;0.08987709916502484;match;"same country; same city; some industry/text overlap"
554;UNITED INFORMATION HIGHWAY CO., LTD.;2950b10d-93e5-11eb-919a-b3f9a5ad205c;UIH;Thailand;Chatuchak;uih.co.th;0.8387096774193548;0.5491768422331572;0.28953283518619755;match;"very strong name match; same country; some industry/text overlap"
555;Ur Consult ApS;d21a0337-03a5-11ec-a873-d574c694d6a6;Roested;Denmark;Kongens Lyngby;roested.dk;0.7698209718670078;0.6294466403162056;0.14037433155080226;match;"same country; same city; some industry/text overlap"
556;UTEL AS;e5d58700-d139-11ec-90aa-d5cfd1428197;Utel AS;Norway;Grimstad;utel.tech;1.0;0.5606060606060606;0.43939393939393945;match;"very strong name match; same country; same city; some industry/text overlap"
557;VANTIVA TECHNOLOGIES;0330dd63-93e5-11eb-a746-fdabd18be9c6;Vantiva;France;Issy-les-Moulineaux;vantiva.com;0.6600631136044881;0.37965838509316774;0.28040472851132037;match;"same country; some industry/text overlap"
558;Vertiv (Malaysia) Sdn. Bhd.;83bcff00-93e4-11eb-b89f-536884b3e7dd;Vertiv;United States;Westerville;vertiv.com;0.3310249307479224;0.3058076225045372;0.025217308243385195;no_match;some industry/text overlap
559;VERTIV (THAILAND) CO., LTD.;83bcff00-93e4-11eb-b89f-536884b3e7dd;Vertiv;United States;Westerville;vertiv.com;0.41228070175438597;0.31954887218045114;0.09273182957393483;no_match;some industry/text overlap
560;Vertiv Energy Private Limited;3dab2b4c-b0d3-11ef-95f9-0de7499436cf;Vertiv Energy Private Limited;India;Pune;;0.7777777777777778;0.7777777777777778;0.0;ambiguous;"very strong name match; same country; some industry/text overlap"
561;VERTIV (SINGAPORE) PTE. LTD.;f7c59602-93e4-11eb-b5f6-816dd10ac7b0;2nd phase design;Singapore;;2ndphasedesign.com;0.5151515151515151;0.41597796143250687;0.09917355371900827;match;same country
562;Viaplay Group AB (publ);a8089090-d8d5-11ec-a2a7-a103c2828e6a;Viaplay Group;Sweden;Stockholm;viaplaygroup.com;0.908013276434329;0.8501659554291134;0.05784732100521561;match;"good name similarity; same country; same city; some industry/text overlap"
563;VIRTUAL WORLD (PVT.) LIMITED;41e1cae2-1182-11ec-ab7f-1d16de437ce8;Tape World;Pakistan;Karachi;tapeworld.com.pk;0.772513440860215;0.6997023809523809;0.0728110599078341;match;"good name similarity; same country; some industry/text overlap"
564;MV-NORDIC A/S;26d5dd10-e99d-11ec-a18d-1bbf1e1e41f1;Vidensportal;Denmark;Odense Kommune;social.dk;0.6947368421052631;0.624561403508772;0.07017543859649111;match;"same country; same city"
565;VOXOGO ApS;ed5cca83-93e4-11eb-8859-29e7c34dee35;Voxogo Aps. Store Kongensgade;Denmark;Copenhagen;voxogo.com;1.0;0.6766917293233083;0.32330827067669166;match;"very strong name match; same country; same city; some industry/text overlap"
566;WATCHDATA TECHNOLOGIES PTE LTD;f3e108dc-93e4-11eb-8e19-198fb02d6f96;Watchdata;Singapore;Singapore;xunlehongbei.com;0.868421052631579;0.5263157894736842;0.3421052631578948;match;"very strong name match; same country; same city; some industry/text overlap"
567;WATEEN SOLUTIONS (PVT.) LIMITED;01a825b8-6cda-11ec-9b86-b57766cd3ae5;Multi-Task Solution;Pakistan;Lahore;multitasksols.com;0.8399209486166006;0.7311212814645308;0.10879966715206979;match;"same country; same city; some industry/text overlap"
568;Waystream AB;c179226e-93e4-11eb-9937-4fab995bf8ff;Waystream;Sweden;Stockholm;waystream.com;0.8620689655172414;0.5665024630541873;0.29556650246305416;match;"very strong name match; same country; some industry/text overlap"
569;WIDEROE AS;85da39b1-93e4-11eb-8474-3bbe2d07207d;Widerøes Flyveselskap;Norway;Bodø;wideroe.no;0.823529411764706;0.8070175438596491;0.016511867905056876;ambiguous;"same country; same city"
570;Wilke Markedsanalyse A/S;01eb8c25-93e5-11eb-b4a6-27899be4e45d;Wilke A S Aarhus;Denmark;Odense;wilke.dk;0.6244019138755981;0.5244798041615667;0.09992210971403137;match;"same country; some industry/text overlap"
571;WIPRO LIMITED;e760f611-93e4-11eb-be5a-4f810ab55f2e;WIPRO;India;Bengaluru;wipro.com;0.8387096774193548;0.8387096774193548;0.0;ambiguous;"very strong name match; same country; some industry/text overlap"
572;WIPRO LIMITED (SINGAPORE BRANCH);f5b10fd3-0321-11ee-b9c7-d945c48165b4;Wipro Limited Singapore Branch;Singapore;Singapore;;0.9139784946236559;0.7552483358934972;0.15873015873015872;match;"very strong name match; same country; same city; some industry/text overlap"
573;Wire & Wireless Co Ltd;727be343-ba6f-11eb-a6d9-7794e56e1994;Wire & Wireless;Thailand;Suan Luang;ww.co.th;0.8387096774193548;0.7348906192065257;0.10381905821282911;match;"very strong name match; same country; some industry/text overlap"
574;WOODLANDS TRANSPORT SOLUTIONS PTE. LTD.;ead7f468-93e4-11eb-919a-b3f9a5ad205c;Transcool;Singapore;Singapore;transcool.com.sg;0.8895274584929758;0.8888888888888888;0.0006385696040869249;ambiguous;"good name similarity; same country; same city; some industry/text overlap"
575;WORKDAY LIMITED;8c15d642-93e4-11eb-8474-3bbe2d07207d;Workday;Ireland;Dublin;workday.github.io;1.0;0.8596491228070174;0.14035087719298256;match;"very strong name match; same country; same city; some industry/text overlap"
576;WTW REAL ESTATE SDN. BHD.;bb46d4a4-93e4-11eb-8859-29e7c34dee35;CBRE WTW;Malaysia;Kuala Lumpur;cbre-wtw.com.my;0.9578325954037529;0.7526881720430108;0.20514442336074212;match;"very strong name match; same country; same city; some industry/text overlap"
577;XIT SOFTWARE ApS;ae1ecc30-0c00-11ec-882c-e7dd96ffa691;xIT Software;Denmark;Gentofte Municipality;xit-software.dk;0.9649122807017543;0.48370927318295737;0.4812030075187969;match;"very strong name match; same country; same city; some industry/text overlap"
578;Yangtze Optical Fibre And Cable Joint Stock Ltd.;821876c0-93e4-11eb-b997-8dd98d09cf25;YOFC;China;Wuhan;yofc.com;0.9731182795698925;0.9050179211469532;0.06810035842293927;match;"very strong name match; same country; same city; some industry/text overlap"
579;YINDA TECHNOLOGY (THAILAND) COMPANY LIMITED;e26d008f-4dae-11ee-820a-3797d6fca93c;Yinda Infocomm;Thailand;Huai Khwang;yinda.co.th;0.9316239316239316;0.8997370151216305;0.03188691650230113;ambiguous;"very strong name match; same country; some industry/text overlap"
580;ZALARIS HR SERVICES DANMARK A/S;1965cb44-f87f-11ed-ab94-9d382b3b5926;Zalaris HR Services Danmark A/S.;Denmark;Taastrup;zalaris.dk;0.7719298245614035;0.6785964912280702;0.09333333333333327;match;"very strong name match; same country; some industry/text overlap"
581;Zalaris HR Services Finland Oy;2232e03f-ff78-11eb-a358-8dbe3201bc48;Music Aggregation Services Finland Oy.;Finland;Tampere;masf.fi;0.6974502487562189;0.655;0.042450248756218834;ambiguous;"same country; some industry/text overlap"
582;ZALARIS HR SERVICES NORWAY AS;09a452d3-93e5-11eb-be3a-7f925cb94351;Aviation Fuelling Services Norway;Norway;Oslo;afsn.no;0.6885290148448043;0.6641604010025063;0.024368613842298048;ambiguous;"same country; some industry/text overlap"
583;Zalaris HR Services Sverige AB;28b4ac6a-b989-11ec-9415-2f89cc4d8f8b;Zalaris;Sweden;Solna;;0.8191167574107683;0.7368421052631579;0.08227465214761043;match;"good name similarity; same country; same city; some industry/text overlap"
584;ZENDATA ApS;ae69fbe1-93e4-11eb-be3a-7f925cb94351;Zendata;Denmark;Hillerød;zendata.dk;0.8695652173913044;0.501207729468599;0.3683574879227054;match;"very strong name match; same country; some industry/text overlap"
585;ZHONGXING TELECOM PAKISTAN (PRIVATE) LIMITED;9b862a88-3138-11ee-84b0-a7f9945660ac;Zhongxing Telecom Pakistan;Pakistan;Islamabad;;0.8333333333333334;0.8290598290598291;0.004273504273504258;ambiguous;"very strong name match; same country"
586;ZIFF DAVIS IRELAND LIMITED;a2b8aad1-93e4-11eb-b89f-536884b3e7dd;Ziff Davis;United States;New York;ziffdavis.com;0.4411027568922306;0.33583959899749377;0.10526315789473684;no_match;some industry/text overlap
587;Zte (Malaysia) Corporation Sdn. Bhd.;00e2e633-004b-11ec-bb42-ffae64d56dd2;Malik Streams;Malaysia;Kuala Lumpur;malikstreams.com.my;0.8409331919406152;0.7880434782608696;0.0528897136797456;match;"same country; same city; some industry/text overlap"
588;Zte (Thailand) Co Ltd;2964e99b-e55a-11ed-a5ae-85415e102eca;ZTE Thailand Co. Ltd.;Thailand;Sathon;;0.8214285714285714;0.7738095238095237;0.04761904761904767;ambiguous;"very strong name match; same country; some industry/text overlap"
589;Zte Corporation;a68dcec0-93e4-11eb-9937-4fab995bf8ff;ZTE;China;Shenzhen;zte.com.cn;0.9444444444444444;0.7222222222222222;0.2222222222222222;match;"very strong name match; same country; same city"
590;Z.T.E. CORPORATION BANGLADESH LTD.;3a852200-1b06-11ec-ae98-5d8c88c64981;ZTE Corporation Bangladesh Limited;Bangladesh;Dhaka;;0.8814814814814815;0.20317460317460317;0.6783068783068784;match;"very strong name match; same country; same city; some industry/text overlap"
591;ZTE NORWAY AS;05b20a12-93e5-11eb-9937-4fab995bf8ff;Bwell Norge;Norway;Bærum;bwell.no;0.8571428571428571;0.65015479876161;0.20698805838124712;match;"good name similarity; same country; same city"
